osm_id,highway,addr:city,addr:country,addr:housenumber,addr:municipality,addr:postcode,addr:street,osak:identifier,branch,brand,brand:wikidata,brand:wikipedia,fvst:navnelbnr,name,opening_hours,payment:cash,payment:credit_cards,ref:DK:cvr,ref:DK:cvr:pnummer,shop,wheelchair,amenity,cuisine,note,phone,website,bench,bin,bus,lit,network,network:wikidata,public_transport,shelter,fvst:name,capacity,takeaway,fvst:fixme,alt_name,toilets:wheelchair,atm,operator,access:covid19,seasonal,entrance,description,email,second_hand,crossing,crossing:island,denomination,religion,wikidata,button_operated,traffic_signals:sound,traffic_signals:vibration,old_name,microbrewery,social_facility:for,delivery,internet_access,internet_access:fee,outdoor_seating,smoking,traffic_signals:direction,access,covered,fee,parking,supervised,craft,tactile_paving,direction,surface,traffic_calming,cyclestreet,cycleway,maxspeed,sidewalk,source:maxspeed,oneway,lane_markings,cycleway:both,building,building:levels,roof:levels,roof:shape,lanes,landuse,residential,height,wikipedia,tunnel,barrier,leisure,indoor,ref,route,type,from,to,via,route_master,duration,interval,interval:conditional,public_transport:version,WKT
"255072608","traffic_signals",,,,,,,,,,,,,,,,,,,,,,,,,,,,,,,,,,,,,,,,,,,,,,,,,,,,,,,,,,,,,,,,,,,,,,,,,,,,,,,,,,,,,,,,,,,,,,,,,,,,,,,,,,,"POINT (10.2093001 56.148257)"
"292980611","traffic_signals",,,,,,,,,,,,,,,,,,,,,,,,,,,,,,,,,,,,,,,,,,,,,,,,,,,,,,,,,,,,,,,,,,,,,,,,,,,,,,,,,,,,,,,,,,,,,,,,,,,,,,,,,,,"POINT (10.209398 56.1482432)"
"341990822",,"Aarhus C","DK","1","Aarhus","8000","Brammersgade","0a3f5095-f2c0-32b8-e044-0003ba298018",,,,,,,,,,,,,,,,,,,,,,,,,,,,,,,,,,,,,,,,,,,,,,,,,,,,,,,,,,,,,,,,,,,,,,,,,,,,,,,,,,,,,,,,,,,,,,,,,,,,"POINT (10.20238 56.147207)"
"341990823",,"Aarhus C","DK","2","Aarhus","8000","Brammersgade","0a3f5095-f2c1-32b8-e044-0003ba298018",,,,,,,,,,,,,,,,,,,,,,,,,,,,,,,,,,,,,,,,,,,,,,,,,,,,,,,,,,,,,,,,,,,,,,,,,,,,,,,,,,,,,,,,,,,,,,,,,,,,"POINT (10.202544 56.147048)"
"341990824",,"Aarhus C","DK","2A","Aarhus","8000","Brammersgade","0a3f5095-f2c2-32b8-e044-0003ba298018",,,,,,,,,,,,,,,,,,,,,,,,,,,,,,,,,,,,,,,,,,,,,,,,,,,,,,,,,,,,,,,,,,,,,,,,,,,,,,,,,,,,,,,,,,,,,,,,,,,,"POINT (10.202662 56.147056)"
"341990825",,"Aarhus C","DK","3","Aarhus","8000","Brammersgade","0a3f5095-f2c3-32b8-e044-0003ba298018",,,,,,,,,,,,,,,,,,,,,,,,,,,,,,,,,,,,,,,,,,,,,,,,,,,,,,,,,,,,,,,,,,,,,,,,,,,,,,,,,,,,,,,,,,,,,,,,,,,,"POINT (10.202704 56.147235)"
"341990826",,"Aarhus C","DK","4","Aarhus","8000","Brammersgade","0a3f5095-f2c4-32b8-e044-0003ba298018",,,,,,,,,,,,,,,,,,,,,,,,,,,,,,,,,,,,,,,,,,,,,,,,,,,,,,,,,,,,,,,,,,,,,,,,,,,,,,,,,,,,,,,,,,,,,,,,,,,,"POINT (10.202873 56.14704)"
"341990827",,"Aarhus C","DK","5","Aarhus","8000","Brammersgade","0a3f5095-f2c5-32b8-e044-0003ba298018",,,,,,,,,,,,,,,,,,,,,,,,,,,,,,,,,,,,,,,,,,,,,,,,,,,,,,,,,,,,,,,,,,,,,,,,,,,,,,,,,,,,,,,,,,,,,,,,,,,,"POINT (10.202825 56.147238)"
"341990828",,"Aarhus C","DK","6","Aarhus","8000","Brammersgade","0a3f5095-f2c6-32b8-e044-0003ba298018",,,,,,,,,,,,,,,,,,,,,,,,,,,,,,,,,,,,,,,,,,,,,,,,,,,,,,,,,,,,,,,,,,,,,,,,,,,,,,,,,,,,,,,,,,,,,,,,,,,,"POINT (10.203072 56.147043)"
"341990829",,"Aarhus C","DK","7","Aarhus","8000","Brammersgade","0a3f5095-f2c7-32b8-e044-0003ba298018",,,,,,,,,,,,,,,,,,,,,,,,,,,,,,,,,,,,,,,,,,,,,,,,,,,,,,,,,,,,,,,,,,,,,,,,,,,,,,,,,,,,,,,,,,,,,,,,,,,,"POINT (10.202952 56.147242)"
"341990830",,"Aarhus C","DK","9","Aarhus","8000","Brammersgade","0a3f5095-f2c8-32b8-e044-0003ba298018",,,,,,,,,,,,,,,,,,,,,,,,,,,,,,,,,,,,,,,,,,,,,,,,,,,,,,,,,,,,,,,,,,,,,,,,,,,,,,,,,,,,,,,,,,,,,,,,,,,,"POINT (10.203066 56.147245)"
"341990831",,"Aarhus C","DK","10","Aarhus","8000","Brammersgade","0a3f5095-f2c9-32b8-e044-0003ba298018",,,,,,,,,,,,,,,,,,,,,,,,,,,,,,,,,,,,,,,,,,,,,,,,,,,,,,,,,,,,,,,,,,,,,,,,,,,,,,,,,,,,,,,,,,,,,,,,,,,,"POINT (10.203223 56.147055)"
"341990832",,"Aarhus C","DK","11","Aarhus","8000","Brammersgade","0a3f5095-f2ca-32b8-e044-0003ba298018",,,,,,,,,,,,,,,,,,,,,,,,,,,,,,,,,,,,,,,,,,,,,,,,,,,,,,,,,,,,,,,,,,,,,,,,,,,,,,,,,,,,,,,,,,,,,,,,,,,,"POINT (10.203193 56.147248)"
"341990833",,"Aarhus C","DK","12","Aarhus","8000","Brammersgade","0a3f5095-f2cb-32b8-e044-0003ba298018",,,,,,,,,,,,,,,,,,,,,,,,,,,,,,,,,,,,,,,,,,,,,,,,,,,,,,,,,,,,,,,,,,,,,,,,,,,,,,,,,,,,,,,,,,,,,,,,,,,,"POINT (10.203319 56.147063)"
"341990835",,"Aarhus C","DK","18","Aarhus","8000","Brammersgade","0a3f5095-f2cd-32b8-e044-0003ba298018",,,,,,,,,,,,,,,,,,,,,,,,,,,,,,,,,,,,,,,,,,,,,,,,,,,,,,,,,,,,,,,,,,,,,,,,,,,,,,,,,,,,,,,,,,,,,,,,,,,,"POINT (10.203956 56.147088)"
"341990836",,"Aarhus C","DK","19","Aarhus","8000","Brammersgade","0a3f5095-f2ce-32b8-e044-0003ba298018",,,,,,,,,,,,,,,,,,,,,,,,,,,,,,,,,,,,,,,,,,,,,,,,,,,,,,,,,,,,,,,,,,,,,,,,,,,,,,,,,,,,,,,,,,,,,,,,,,,,"POINT (10.203978 56.147272)"
"341990837",,"Aarhus C","DK","20","Aarhus","8000","Brammersgade","0a3f5095-f2cf-32b8-e044-0003ba298018",,,,,,,,,,,,,,,,,,,,,,,,,,,,,,,,,,,,,,,,,,,,,,,,,,,,,,,,,,,,,,,,,,,,,,,,,,,,,,,,,,,,,,,,,,,,,,,,,,,,"POINT (10.2041799 56.147095)"
"341990838",,"Aarhus C","DK","21","Aarhus","8000","Brammersgade","0a3f5095-f2d0-32b8-e044-0003ba298018",,,,,,,,,,,,,,,,,,,,,,,,,,,,,,,,,,,,,,,,,,,,,,,,,,,,,,,,,,,,,,,,,,,,,,,,,,,,,,,,,,,,,,,,,,,,,,,,,,,,"POINT (10.204273 56.147296)"
"341990839",,"Aarhus C","DK","22","Aarhus","8000","Brammersgade","0a3f5095-f2d1-32b8-e044-0003ba298018",,,,,,,,,,,,,,,,,,,,,,,,,,,,,,,,,,,,,,,,,,,,,,,,,,,,,,,,,,,,,,,,,,,,,,,,,,,,,,,,,,,,,,,,,,,,,,,,,,,,"POINT (10.204322 56.147103)"
"341994470",,"Aarhus C","DK","1","Aarhus","8000","Bülowsgade","0a3f5095-fe6d-32b8-e044-0003ba298018",,,,,,,,,,,,,,,,,,,,,,,,,,,,,,,,,,,,,,,,,,,,,,,,,,,,,,,,,,,,,,,,,,,,,,,,,,,,,,,,,,,,,,,,,,,,,,,,,,,,"POINT (10.20231 56.148093)"
"341994472",,"Aarhus C","DK","1B","Aarhus","8000","Bülowsgade","0a3f5095-fe6e-32b8-e044-0003ba298018",,,,,,,,,,,,,,,,,,,,,,,,,,,,,,,,,,,,,,,,,,,,,,,,,,,,,,,,,,,,,,,,,,,,,,,,,,,,,,,,,,,,,,,,,,,,,,,,,,,,"POINT (10.202301 56.147976)"
"341994473",,"Aarhus C","DK","3","Aarhus","8000","Bülowsgade","0a3f5095-fe6f-32b8-e044-0003ba298018",,,,,,,,,,,,,,,,,,,,,,,,,,,,,,,,,,,,,,,,,,,,,,,,,,,,,,,,,,,,,,,,,,,,,,,,,,,,,,,,,,,,,,,,,,,,,,,,,,,,"POINT (10.202329 56.147935)"
"341994474",,"Aarhus C","DK","5","Aarhus","8000","Bülowsgade","0a3f5095-fe70-32b8-e044-0003ba298018",,,,,,,,,,,,,,,,,,,,,,,,,,,,,,,,,,,,,,,,,,,,,,,,,,,,,,,,,,,,,,,,,,,,,,,,,,,,,,,,,,,,,,,,,,,,,,,,,,,,"POINT (10.202322 56.147881)"
"341994475",,"Aarhus C","DK","6","Aarhus","8000","Bülowsgade","0a3f5095-fe71-32b8-e044-0003ba298018",,,,,,,,,,,,,,,,,,,,,,,,,,,,,,,,,,,,,,,,,,,,,,,,,,,,,,,,,,,,,,,,,,,,,,,,,,,,,,,,,,,,,,,,,,,,,,,,,,,,"POINT (10.201992 56.147916)"
"341994476",,"Aarhus C","DK","7","Aarhus","8000","Bülowsgade","0a3f5095-fe72-32b8-e044-0003ba298018",,,,,,,,,,,,,,,,,,,,,,,,,,,,,,,,,,,,,,,,,,,,,,,,,,,,,,,,,,,,,,,,,,,,,,,,,,,,,,,,,,,,,,,,,,,,,,,,,,,,"POINT (10.202332 56.147827)"
"341994477",,"Aarhus C","DK","7B","Aarhus","8000","Bülowsgade","0a3f5095-fe73-32b8-e044-0003ba298018",,,,,,,,,,,,,,,,,,,,,,,,,,,,,,,,,,,,,,,,,,,,,,,,,,,,,,,,,,,,,,,,,,,,,,,,,,,,,,,,,,,,,,,,,,,,,,,,,,,,"POINT (10.20258 56.147829)"
"341994478",,"Aarhus C","DK","8","Aarhus","8000","Bülowsgade","0a3f5095-fe74-32b8-e044-0003ba298018",,,,,,,,,,,,,,,,,,,,,,,,,,,,,,,,,,,,,,,,,,,,,,,,,,,,,,,,,,,,,,,,,,,,,,,,,,,,,,,,,,,,,,,,,,,,,,,,,,,,"POINT (10.201995 56.147858)"
"341994479",,"Aarhus C","DK","9","Aarhus","8000","Bülowsgade","0a3f5095-fe75-32b8-e044-0003ba298018",,,,,,,,,,,,,,,,,,,,,,,,,,,,,,,,,,,,,,,,,,,,,,,,,,,,,,,,,,,,,,,,,,,,,,,,,,,,,,,,,,,,,,,,,,,,,,,,,,,,"POINT (10.202333 56.147778)"
"341994480",,"Aarhus C","DK","10","Aarhus","8000","Bülowsgade","0a3f5095-fe76-32b8-e044-0003ba298018",,,,,,,,,,,,,,,,,,,,,,,,,,,,,,,,,,,,,,,,,,,,,,,,,,,,,,,,,,,,,,,,,,,,,,,,,,,,,,,,,,,,,,,,,,,,,,,,,,,,"POINT (10.201988 56.147786)"
"341994481",,"Aarhus C","DK","10B","Aarhus","8000","Bülowsgade","5ddb979d-c945-40d3-e044-0003ba298018",,,,,,,,,,,,,,,,,,,,,,,,,,,,,,,,,,,,,,,,,,,,,,,,,,,,,,,,,,,,,,,,,,,,,,,,,,,,,,,,,,,,,,,,,,,,,,,,,,,,"POINT (10.201808 56.147765)"
"341994482",,"Aarhus C","DK","11","Aarhus","8000","Bülowsgade","0a3f5095-fe78-32b8-e044-0003ba298018",,,,,,,,,,,,,,,,,,,,,,,,,,,,,,,,,,,,,,,,,,,,,,,,,,,,,,,,,,,,,,,,,,,,,,,,,,,,,,,,,,,,,,,,,,,,,,,,,,,,"POINT (10.202333 56.147715)"
"341994483",,"Aarhus C","DK","11B","Aarhus","8000","Bülowsgade","0a3f5095-fe79-32b8-e044-0003ba298018",,,,,,,,,,,,,,,,,,,,,,,,,,,,,,,,,,,,,,,,,,,,,,,,,,,,,,,,,,,,,,,,,,,,,,,,,,,,,,,,,,,,,,,,,,,,,,,,,,,,"POINT (10.2025919 56.147717)"
"341994484",,"Aarhus C","DK","12","Aarhus","8000","Bülowsgade","0a3f5095-fe7a-32b8-e044-0003ba298018",,,,,,,,,,,,,,,,,,,,,,,,,,,,,,,,,,,,,,,,,,,,,,,,,,,,,,,,,,,,,,,,,,,,,,,,,,,,,,,,,,,,,,,,,,,,,,,,,,,,"POINT (10.201978 56.147723)"
"341994485",,"Aarhus C","DK","14","Aarhus","8000","Bülowsgade","0a3f5095-fe7b-32b8-e044-0003ba298018",,,,,,,,,,,,,,,,,,,,,,,,,,,,,,,,,,,,,,,,,,,,,,,,,,,,,,,,,,,,,,,,,,,,,,,,,,,,,,,,,,,,,,,,,,,,,,,,,,,,"POINT (10.201983 56.147638)"
"341994486",,"Aarhus C","DK","14B","Aarhus","8000","Bülowsgade","0a3f5095-fe7c-32b8-e044-0003ba298018",,,,,,,,,,,,,,,,,,,,,,,,,,,,,,,,,,,,,,,,,,,,,,,,,,,,,,,,,,,,,,,,,,,,,,,,,,,,,,,,,,,,,,,,,,,,,,,,,,,,"POINT (10.2020199 56.147654)"
"341994487",,"Aarhus C","DK","15","Aarhus","8000","Bülowsgade","0a3f5095-fe7d-32b8-e044-0003ba298018",,,,,,,,,,,,,,,,,,,,,,,,,,,,,,,,,,,,,,,,,,,,,,,,,,,,,,,,,,,,,,,,,,,,,,,,,,,,,,,,,,,,,,,,,,,,,,,,,,,,"POINT (10.202332 56.147661)"
"341994488",,"Aarhus C","DK","15B","Aarhus","8000","Bülowsgade","0a3f5095-fe7e-32b8-e044-0003ba298018",,,,,,,,,,,,,,,,,,,,,,,,,,,,,,,,,,,,,,,,,,,,,,,,,,,,,,,,,,,,,,,,,,,,,,,,,,,,,,,,,,,,,,,,,,,,,,,,,,,,"POINT (10.202595 56.147672)"
"341994489",,"Aarhus C","DK","16","Aarhus","8000","Bülowsgade","0a3f5095-fe7f-32b8-e044-0003ba298018",,,,,,,,,,,,,,,,,,,,,,,,,,,,,,,,,,,,,,,,,,,,,,,,,,,,,,,,,,,,,,,,,,,,,,,,,,,,,,,,,,,,,,,,,,,,,,,,,,,,"POINT (10.2019749 56.147584)"
"341994490",,"Aarhus C","DK","16B","Aarhus","8000","Bülowsgade","0a3f5095-fe80-32b8-e044-0003ba298018",,,,,,,,,,,,,,,,,,,,,,,,,,,,,,,,,,,,,,,,,,,,,,,,,,,,,,,,,,,,,,,,,,,,,,,,,,,,,,,,,,,,,,,,,,,,,,,,,,,,"POINT (10.202019 56.147576)"
"341994491",,"Aarhus C","DK","17","Aarhus","8000","Bülowsgade","0a3f5095-fe81-32b8-e044-0003ba298018",,,,,,,,,,,,,,,,,,,,,,,,,,,,,,,,,,,,,,,,,,,,,,,,,,,,,,,,,,,,,,,,,,,,,,,,,,,,,,,,,,,,,,,,,,,,,,,,,,,,"POINT (10.202358 56.147602)"
"341994492",,"Aarhus C","DK","18","Aarhus","8000","Bülowsgade","0a3f5095-fe82-32b8-e044-0003ba298018",,,,,,,,,,,,,,,,,,,,,,,,,,,,,,,,,,,,,,,,,,,,,,,,,,,,,,,,,,,,,,,,,,,,,,,,,,,,,,,,,,,,,,,,,,,,,,,,,,,,"POINT (10.2019819 56.147525)"
"341994493",,"Aarhus C","DK","18B","Aarhus","8000","Bülowsgade","0a3f5095-fe83-32b8-e044-0003ba298018",,,,,,,,,,,,,,,,,,,,,,,,,,,,,,,,,,,,,,,,,,,,,,,,,,,,,,,,,,,,,,,,,,,,,,,,,,,,,,,,,,,,,,,,,,,,,,,,,,,,"POINT (10.201684 56.14751)"
"341994494",,"Aarhus C","DK","19","Aarhus","8000","Bülowsgade","0a3f5095-fe84-32b8-e044-0003ba298018",,,,,,,,,,,,,,,,,,,,,,,,,,,,,,,,,,,,,,,,,,,,,,,,,,,,,,,,,,,,,,,,,,,,,,,,,,,,,,,,,,,,,,,,,,,,,,,,,,,,"POINT (10.202363 56.14754)"
"341994495",,"Aarhus C","DK","19B","Aarhus","8000","Bülowsgade","0a3f5095-fe85-32b8-e044-0003ba298018",,,,,,,,,,,,,,,,,,,,,,,,,,,,,,,,,,,,,,,,,,,,,,,,,,,,,,,,,,,,,,,,,,,,,,,,,,,,,,,,,,,,,,,,,,,,,,,,,,,,"POINT (10.202603 56.147537)"
"341994496",,"Aarhus C","DK","20","Aarhus","8000","Bülowsgade","0a3f5095-fe86-32b8-e044-0003ba298018",,,,,,,,,,,,,,,,,,,,,,,,,,,,,,,,,,,,,,,,,,,,,,,,,,,,,,,,,,,,,,,,,,,,,,,,,,,,,,,,,,,,,,,,,,,,,,,,,,,,"POINT (10.201978 56.147471)"
"341994497",,"Aarhus C","DK","20B","Aarhus","8000","Bülowsgade","0a3f5095-fe87-32b8-e044-0003ba298018",,,,,,,,,,,,,,,,,,,,,,,,,,,,,,,,,,,,,,,,,,,,,,,,,,,,,,,,,,,,,,,,,,,,,,,,,,,,,,,,,,,,,,,,,,,,,,,,,,,,"POINT (10.201692 56.147465)"
"341994498",,"Aarhus C","DK","21","Aarhus","8000","Bülowsgade","0a3f5095-fe88-32b8-e044-0003ba298018",,,,,,,,,,,,,,,,,,,,,,,,,,,,,,,,,,,,,,,,,,,,,,,,,,,,,,,,,,,,,,,,,,,,,,,,,,,,,,,,,,,,,,,,,,,,,,,,,,,,"POINT (10.202362 56.147481)"
"341994499",,"Aarhus C","DK","21B","Aarhus","8000","Bülowsgade","0a3f5095-fe89-32b8-e044-0003ba298018",,,,,,,,,,,,,,,,,,,,,,,,,,,,,,,,,,,,,,,,,,,,,,,,,,,,,,,,,,,,,,,,,,,,,,,,,,,,,,,,,,,,,,,,,,,,,,,,,,,,"POINT (10.202601 56.14749)"
"341994500",,"Aarhus C","DK","22","Aarhus","8000","Bülowsgade","0a3f5095-fe8a-32b8-e044-0003ba298018",,,,,,,,,,,,,,,,,,,,,,,,,,,,,,,,,,,,,,,,,,,,,,,,,,,,,,,,,,,,,,,,,,,,,,,,,,,,,,,,,,,,,,,,,,,,,,,,,,,,"POINT (10.201977 56.147408)"
"341994501",,"Aarhus C","DK","22B","Aarhus","8000","Bülowsgade","0a3f5095-fe8b-32b8-e044-0003ba298018",,,,,,,,,,,,,,,,,,,,,,,,,,,,,,,,,,,,,,,,,,,,,,,,,,,,,,,,,,,,,,,,,,,,,,,,,,,,,,,,,,,,,,,,,,,,,,,,,,,,"POINT (10.201691 56.147402)"
"341994502",,"Aarhus C","DK","23","Aarhus","8000","Bülowsgade","0a3f5095-fe8d-32b8-e044-0003ba298018",,,,,,,,,,,,,,,,,,,,,,,,,,,,,,,,,,,,,,,,,,,,,,,,,,,,,,,,,,,,,,,,,,,,,,,,,,,,,,,,,,,,,,,,,,,,,,,,,,,,"POINT (10.202317 56.147419)"
"341994503",,"Aarhus C","DK","25","Aarhus","8000","Bülowsgade","0a3f5095-fe8e-32b8-e044-0003ba298018",,,,,,,,,,,,,,,,,,,,,,,,,,,,,,,,,,,,,,,,,,,,,,,,,,,,,,,,,,,,,,,,,,,,,,,,,,,,,,,,,,,,,,,,,,,,,,,,,,,,"POINT (10.202324 56.147365)"
"341994504",,"Aarhus C","DK","25B","Aarhus","8000","Bülowsgade","0a3f5095-fe8f-32b8-e044-0003ba298018",,,,,,,,,,,,,,,,,,,,,,,,,,,,,,,,,,,,,,,,,,,,,,,,,,,,,,,,,,,,,,,,,,,,,,,,,,,,,,,,,,,,,,,,,,,,,,,,,,,,"POINT (10.202598 56.147375)"
"341994505",,"Aarhus C","DK","27","Aarhus","8000","Bülowsgade","0a3f5095-fe90-32b8-e044-0003ba298018",,,,,,,,,,,,,,,,,,,,,,,,,,,,,,,,,,,,,,,,,,,,,,,,,,,,,,,,,,,,,,,,,,,,,,,,,,,,,,,,,,,,,,,,,,,,,,,,,,,,"POINT (10.202327 56.147306)"
"341994507",,"Aarhus C","DK","29","Aarhus","8000","Bülowsgade","0a3f5095-fe92-32b8-e044-0003ba298018",,,,,,,,,,,,,,,,,,,,,,,,,,,,,,,,,,,,,,,,,,,,,,,,,,,,,,,,,,,,,,,,,,,,,,,,,,,,,,,,,,,,,,,,,,,,,,,,,,,,"POINT (10.202326 56.147257)"
"341998276",,"Aarhus C","DK","15","Aarhus","8000","Dybbølgade","0a3f5096-0c35-32b8-e044-0003ba298018",,,,,,,,,,,,,,,,,,,,,,,,,,,,,,,,,,,,,,,,,,,,,,,,,,,,,,,,,,,,,,,,,,,,,,,,,,,,,,,,,,,,,,,,,,,,,,,,,,,,"POINT (10.200278 56.148256)"
"341998278",,"Aarhus C","DK","15B","Aarhus","8000","Dybbølgade","0a3f5096-0c36-32b8-e044-0003ba298018",,,,,,,,,,,,,,,,,,,,,,,,,,,,,,,,,,,,,,,,,,,,,,,,,,,,,,,,,,,,,,,,,,,,,,,,,,,,,,,,,,,,,,,,,,,,,,,,,,,,"POINT (10.200256 56.148387)"
"342007506",,"Aarhus C","DK","37","Aarhus","8000","Fredericiagade","0a3f5096-2624-32b8-e044-0003ba298018",,,,,,,,,,,,,,,,,,,,,,,,,,,,,,,,,,,,,,,,,,,,,,,,,,,,,,,,,,,,,,,,,,,,,,,,,,,,,,,,,,,,,,,,,,,,,,,,,,,,"POINT (10.202431 56.148379)"
"342012797",,"Aarhus C","DK","2","Aarhus","8000","H.N. Clausens Gade","0a3f5096-38a1-32b8-e044-0003ba298018",,,,,,,,,,,,,,,,,,,,,,,,,,,,,,,,,,,,,,,,,,,,,,,,,,,,,,,,,,,,,,,,,,,,,,,,,,,,,,,,,,,,,,,,,,,,,,,,,,,,"POINT (10.204446 56.148287)"
"342012807",,"Aarhus C","DK","16B","Aarhus","8000","H.N. Clausens Gade","0a3f5096-38ab-32b8-e044-0003ba298018",,,,,,,,,,,,,,,,,,,,,,,,,,,,,,,,,,,,,,,,,,,,,,,,,,,,,,,,,,,,,,,,,,,,,,,,,,,,,,,,,,,,,,,,,,,,,,,,,,,,"POINT (10.204437 56.147605)"
"342017073",,"Aarhus C","DK","27","Aarhus","8000","Helgolandsgade","0a3f5096-45e1-32b8-e044-0003ba298018",,,,,,,,,,,,,,,,,,,,,,,,,,,,,,,,,,,,,,,,,,,,,,,,,,,,,,,,,,,,,,,,,,,,,,,,,,,,,,,,,,,,,,,,,,,,,,,,,,,,"POINT (10.201341 56.148372)"
"342017074",,"Aarhus C","DK","29","Aarhus","8000","Helgolandsgade","0a3f5096-45e2-32b8-e044-0003ba298018",,,,,,,,,,,,,,,,,,,,,,,,,,,,,,,,,,,,,,,,,,,,,,,,,,,,,,,,,,,,,,,,,,,,,,,,,,,,,,,,,,,,,,,,,,,,,,,,,,,,"POINT (10.201369 56.148326)"
"342027251",,"Aarhus C","DK","55","Aarhus","8000","Jægergårdsgade","0a3f5096-67d4-32b8-e044-0003ba298018",,,,,,,,,,,,,,,,,,,,,,,,,,,,,,,,,,,,,,,,,,,,,,,,,,,,,,,,,,,,,,,,,,,,,,,,,,,,,,,,,,,,,,,,,,,,,,,,,,,,"POINT (10.200276 56.148216)"
"342027253",,"Aarhus C","DK","56","Aarhus","8000","Jægergårdsgade","0a3f5096-67d5-32b8-e044-0003ba298018",,,,,,,,,,,,,,,,,,,,,,,,,,,,,,,,,,,,,,,,,,,,,,,,,,,,,,,,,,,,,,,,,,,,,,,,,,,,,,,,,,,,,,,,,,,,,,,,,,,,"POINT (10.200328 56.148036)"
"342027254",,"Aarhus C","DK","57","Aarhus","8000","Jægergårdsgade","0a3f5096-67d6-32b8-e044-0003ba298018",,,,,,,,,,,,,,,,,,,,,,,,,,,,,,,,,,,,,,,,,,,,,,,,,,,,,,,,,,,,,,,,,,,,,,,,,,,,,,,,,,,,,,,,,,,,,,,,,,,,"POINT (10.20041 56.148228)"
"342027255",,"Aarhus C","DK","58","Aarhus","8000","Jægergårdsgade","0a3f5096-67d7-32b8-e044-0003ba298018",,,,,,,,,,,,,,,,,,,,,,,,,,,,,,,,,,,,,,,,,,,,,,,,,,,,,,,,,,,,,,,,,,,,,,,,,,,,,,,,,,,,,,,,,,,,,,,,,,,,"POINT (10.200418 56.148035)"
"342027256",,"Aarhus C","DK","58B","Aarhus","8000","Jægergårdsgade","0a3f5096-67d8-32b8-e044-0003ba298018",,,,,,,,,,,,,,,,,,,,,,,,,,,,,,,,,,,,,,,,,,,,,,,,,,,,,,,,,,,,,,,,,,,,,,,,,,,,,,,,,,,,,,,,,,,,,,,,,,,,"POINT (10.200427 56.147904)"
"342027258",,"Aarhus C","DK","60","Aarhus","8000","Jægergårdsgade","0a3f5096-67da-32b8-e044-0003ba298018",,,,,,,,,,,,,,,,,,,,,,,,,,,,,,,,,,,,,,,,,,,,,,,,,,,,,,,,,,,,,,,,,,,,,,,,,,,,,,,,,,,,,,,,,,,,,,,,,,,,"POINT (10.200632 56.148046)"
"342027259",,"Aarhus C","DK","61","Aarhus","8000","Jægergårdsgade","0a3f5096-67dc-32b8-e044-0003ba298018",,,,,,,,,,,,,,,,,,,,,,,,,,,,,,,,,,,,,,,,,,,,,,,,,,,,,,,,,,,,,,,,,,,,,,,,,,,,,,,,,,,,,,,,,,,,,,,,,,,,"POINT (10.200644 56.148239)"
"342027260",,"Aarhus C","DK","62","Aarhus","8000","Jægergårdsgade","0a3f5096-67dd-32b8-e044-0003ba298018",,,,,,,,,,,,,,,,,,,,,,,,,,,,,,,,,,,,,,,,,,,,,,,,,,,,,,,,,,,,,,,,,,,,,,,,,,,,,,,,,,,,,,,,,,,,,,,,,,,,"POINT (10.200746 56.148049)"
"342027261",,"Aarhus C","DK","63","Aarhus","8000","Jægergårdsgade","0a3f5096-67de-32b8-e044-0003ba298018",,,,,,,,,,,,,,,,,,,,,,,,,,,,,,,,,,,,,,,,,,,,,,,,,,,,,,,,,,,,,,,,,,,,,,,,,,,,,,,,,,,,,,,,,,,,,,,,,,,,"POINT (10.200737 56.148243)"
"342027262",,"Aarhus C","DK","64","Aarhus","8000","Jægergårdsgade","0a3f5096-67df-32b8-e044-0003ba298018",,,,,,,,,,,,,,,,,,,,,,,,,,,,,,,,,,,,,,,,,,,,,,,,,,,,,,,,,,,,,,,,,,,,,,,,,,,,,,,,,,,,,,,,,,,,,,,,,,,,"POINT (10.20091 56.148007)"
"342027263",,"Aarhus C","DK","65","Aarhus","8000","Jægergårdsgade","0a3f5096-67e0-32b8-e044-0003ba298018",,,,,,,,,,,,,,,,,,,,,,,,,,,,,,,,,,,,,,,,,,,,,,,,,,,,,,,,,,,,,,,,,,,,,,,,,,,,,,,,,,,,,,,,,,,,,,,,,,,,"POINT (10.20084 56.148246)"
"342027264",,"Aarhus C","DK","67","Aarhus","8000","Jægergårdsgade","0a3f5096-67e1-32b8-e044-0003ba298018",,,,,,,,,,,,,,,,,,,,,,,,,,,,,,,,,,,,,,,,,,,,,,,,,,,,,,,,,,,,,,,,,,,,,,,,,,,,,,,,,,,,,,,,,,,,,,,,,,,,"POINT (10.20097 56.148245)"
"342027265",,"Aarhus C","DK","70","Aarhus","8000","Jægergårdsgade","0a3f5096-67e2-32b8-e044-0003ba298018",,,,,,,,,,,,,,,,,,,,,,,,,,,,,,,,,,,,,,,,,,,,,,,,,,,,,,,,,,,,,,,,,,,,,,,,,,,,,,,,,,,,,,,,,,,,,,,,,,,,"POINT (10.20111 56.147529)"
"342027266",,"Aarhus C","DK","71","Aarhus","8000","Jægergårdsgade","0a3f5096-67e3-32b8-e044-0003ba298018",,,,,,,,,,,,,,,,,,,,,,,,,,,,,,,,,,,,,,,,,,,,,,,,,,,,,,,,,,,,,,,,,,,,,,,,,,,,,,,,,,,,,,,,,,,,,,,,,,,,"POINT (10.201433 56.148254)"
"342027267",,"Aarhus C","DK","76","Aarhus","8000","Jægergårdsgade","0a3f5096-67e4-32b8-e044-0003ba298018",,,,,,,,,,,,,,,,,,,,,,,,,,,,,,,,,,,,,,,,,,,,,,,,,,,,,,,,,,,,,,,,,,,,,,,,,,,,,,,,,,,,,,,,,,,,,,,,,,,,"POINT (10.20175 56.148094)"
"342027269",,"Aarhus C","DK","76C","Aarhus","8000","Jægergårdsgade","0a3f5096-67e6-32b8-e044-0003ba298018",,,,,,,,,,,,,,,,,,,,,,,,,,,,,,,,,,,,,,,,,,,,,,,,,,,,,,,,,,,,,,,,,,,,,,,,,,,,,,,,,,,,,,,,,,,,,,,,,,,,"POINT (10.201788 56.147945)"
"342027270",,"Aarhus C","DK","77","Aarhus","8000","Jægergårdsgade","0a3f5096-67e7-32b8-e044-0003ba298018",,,,,,,,,,,,,,,,,,,,,,,,,,,,,,,,,,,,,,,,,,,,,,,,,,,,,,,,,,,,,,,,,,,,,,,,,,,,,,,,,,,,,,,,,,,,,,,,,,,,"POINT (10.201793 56.148273)"
"342027271",,"Aarhus C","DK","78","Aarhus","8000","Jægergårdsgade","0a3f5096-67e8-32b8-e044-0003ba298018",,,,,,,,,,,,,,,,,,,,,,,,,,,,,,,,,,,,,,,,,,,,,,,,,,,,,,,,,,,,,,,,,,,,,,,,,,,,,,,,,,,,,,,,,,,,,,,,,,,,"POINT (10.201915 56.148083)"
"342027272",,"Aarhus C","DK","79","Aarhus","8000","Jægergårdsgade","0a3f5096-67e9-32b8-e044-0003ba298018",,,,,,,,,,,,,,,,,,,,,,,,,,,,,,,,,,,,,,,,,,,,,,,,,,,,,,,,,,,,,,,,,,,,,,,,,,,,,,,,,,,,,,,,,,,,,,,,,,,,"POINT (10.201942 56.14828)"
"342027273",,"Aarhus C","DK","81","Aarhus","8000","Jægergårdsgade","0a3f5096-67ea-32b8-e044-0003ba298018",,,,,,,,,,,,,,,,,,,,,,,,,,,,,,,,,,,,,,,,,,,,,,,,,,,,,,,,,,,,,,,,,,,,,,,,,,,,,,,,,,,,,,,,,,,,,,,,,,,,"POINT (10.202094 56.148288)"
"342027276",,"Aarhus C","DK","82","Aarhus","8000","Jægergårdsgade","0a3f5096-67ed-32b8-e044-0003ba298018",,,,,,,,,,,,,,,,,,,,,,,,,,,,,,,,,,,,,,,,,,,,,,,,,,,,,,,,,,,,,,,,,,,,,,,,,,,,,,,,,,,,,,,,,,,,,,,,,,,,"POINT (10.202409 56.148101)"
"342027278",,"Aarhus C","DK","83","Aarhus","8000","Jægergårdsgade","0a3f5096-67ee-32b8-e044-0003ba298018",,,,,,,,,,,,,,,,,,,,,,,,,,,,,,,,,,,,,,,,,,,,,,,,,,,,,,,,,,,,,,,,,,,,,,,,,,,,,,,,,,,,,,,,,,,,,,,,,,,,"POINT (10.202615 56.148287)"
"342027279",,"Aarhus C","DK","84","Aarhus","8000","Jægergårdsgade","0a3f5096-67ef-32b8-e044-0003ba298018",,,,,,,,,,,,,,,,,,,,,,,,,,,,,,,,,,,,,,,,,,,,,,,,,,,,,,,,,,,,,,,,,,,,,,,,,,,,,,,,,,,,,,,,,,,,,,,,,,,,"POINT (10.202501 56.148104)"
"342027280",,"Aarhus C","DK","86","Aarhus","8000","Jægergårdsgade","0a3f5096-67f0-32b8-e044-0003ba298018",,,,,,,,,,,,,,,,,,,,,,,,,,,,,,,,,,,,,,,,,,,,,,,,,,,,,,,,,,,,,,,,,,,,,,,,,,,,,,,,,,,,,,,,,,,,,,,,,,,,"POINT (10.202589 56.148103)"
"342027281",,"Aarhus C","DK","86B","Aarhus","8000","Jægergårdsgade","0a3f5096-67f1-32b8-e044-0003ba298018",,,,,,,,,,,,,,,,,,,,,,,,,,,,,,,,,,,,,,,,,,,,,,,,,,,,,,,,,,,,,,,,,,,,,,,,,,,,,,,,,,,,,,,,,,,,,,,,,,,,"POINT (10.202593 56.147991)"
"342027282",,"Aarhus C","DK","86C","Aarhus","8000","Jægergårdsgade","0a3f5096-67f2-32b8-e044-0003ba298018",,,,,,,,,,,,,,,,,,,,,,,,,,,,,,,,,,,,,,,,,,,,,,,,,,,,,,,,,,,,,,,,,,,,,,,,,,,,,,,,,,,,,,,,,,,,,,,,,,,,"POINT (10.202587 56.147892)"
"342027283",,"Aarhus C","DK","87","Aarhus","8000","Jægergårdsgade","0a3f5096-67f3-32b8-e044-0003ba298018",,,,,,,,,,,,,,,,,,,,,,,,,,,,,,,,,,,,,,,,,,,,,,,,,,,,,,,,,,,,,,,,,,,,,,,,,,,,,,,,,,,,,,,,,,,,,,,,,,,,"POINT (10.202987 56.148346)"
"342027284",,"Aarhus C","DK","88","Aarhus","8000","Jægergårdsgade","0a3f5096-67f4-32b8-e044-0003ba298018",,,,,,,,,,,,,,,,,,,,,,,,,,,,,,,,,,,,,,,,,,,,,,,,,,,,,,,,,,,,,,,,,,,,,,,,,,,,,,,,,,,,,,,,,,,,,,,,,,,,"POINT (10.202691 56.148107)"
"342027288",,"Aarhus C","DK","100B","Aarhus","8000","Jægergårdsgade","0a3f5096-67f8-32b8-e044-0003ba298018",,,,,,,,,,,,,,,,,,,,,,,,,,,,,,,,,,,,,,,,,,,,,,,,,,,,,,,,,,,,,,,,,,,,,,,,,,,,,,,,,,,,,,,,,,,,,,,,,,,,"POINT (10.204074 56.148246)"
"342027292",,"Aarhus C","DK","102","Aarhus","8000","Jægergårdsgade","0a3f5096-67fc-32b8-e044-0003ba298018",,,,,,,,,,,,,,,,,,,,,,,,,,,,,,,,,,,,,,,,,,,,,,,,,,,,,,,,,,,,,,,,,,,,,,,,,,,,,,,,,,,,,,,,,,,,,,,,,,,,"POINT (10.204243 56.148267)"
"342027295",,"Aarhus C","DK","104","Aarhus","8000","Jægergårdsgade","0a3f5096-6800-32b8-e044-0003ba298018",,,,,,,,,,,,,,,,,,,,,,,,,,,,,,,,,,,,,,,,,,,,,,,,,,,,,,,,,,,,,,,,,,,,,,,,,,,,,,,,,,,,,,,,,,,,,,,,,,,,"POINT (10.204336 56.14828)"
"342038095",,"Aarhus C","DK","29","Aarhus","8000","M.P. Bruuns Gade","0a3f5096-8e62-32b8-e044-0003ba298018",,,,,,,,,,,,,,,,,,,,,,,,,,,,,,,,,,,,,,,,,,,,,,,,,,,,,,,,,,,,,,,,,,,,,,,,,,,,,,,,,,,,,,,,,,,,,,,,,,,,"POINT (10.2037 56.148169)"
"342038097",,"Aarhus C","DK","31","Aarhus","8000","M.P. Bruuns Gade","0a3f5096-8e64-32b8-e044-0003ba298018",,,,,,,,,,,,,,,,,,,,,,,,,,,,,,,,,,,,,,,,,,,,,,,,,,,,,,,,,,,,,,,,,,,,,,,,,,,,,,,,,,,,,,,,,,,,,,,,,,,,"POINT (10.2037099 56.14807)"
"342038100",,"Aarhus C","DK","34","Aarhus","8000","M.P. Bruuns Gade","0a3f5096-8e67-32b8-e044-0003ba298018",,,,,,,,,,,,,,,,,,,,,,,,,,,,,,,,,,,,,,,,,,,,,,,,,,,,,,,,,,,,,,,,,,,,,,,,,,,,,,,,,,,,,,,,,,,,,,,,,,,,"POINT (10.203234 56.148385)"
"342038101",,"Aarhus C","DK","35","Aarhus","8000","M.P. Bruuns Gade","0a3f5096-8e68-32b8-e044-0003ba298018",,,,,,,,,,,,,,,,,,,,,,,,,,,,,,,,,,,,,,,,,,,,,,,,,,,,,,,,,,,,,,,,,,,,,,,,,,,,,,,,,,,,,,,,,,,,,,,,,,,,"POINT (10.203742 56.147908)"
"342038102",,"Aarhus C","DK","35B","Aarhus","8000","M.P. Bruuns Gade","0a3f5096-8e69-32b8-e044-0003ba298018",,,,,,,,,,,,,,,,,,,,,,,,,,,,,,,,,,,,,,,,,,,,,,,,,,,,,,,,,,,,,,,,,,,,,,,,,,,,,,,,,,,,,,,,,,,,,,,,,,,,"POINT (10.204083 56.147914)"
"342038103",,"Aarhus C","DK","36","Aarhus","8000","M.P. Bruuns Gade","0a3f5096-8e6a-32b8-e044-0003ba298018",,,,,,,,,,,,,,,,,,,,,,,,,,,,,,,,,,,,,,,,,,,,,,,,,,,,,,,,,,,,,,,,,,,,,,,,,,,,,,,,,,,,,,,,,,,,,,,,,,,,"POINT (10.20328 56.148101)"
"342038105",,"Aarhus C","DK","38","Aarhus","8000","M.P. Bruuns Gade","0a3f5096-8e6c-32b8-e044-0003ba298018",,,,,,,,,,,,,,,,,,,,,,,,,,,,,,,,,,,,,,,,,,,,,,,,,,,,,,,,,,,,,,,,,,,,,,,,,,,,,,,,,,,,,,,,,,,,,,,,,,,,"POINT (10.203312 56.147971)"
"342038107",,"Aarhus C","DK","39","Aarhus","8000","M.P. Bruuns Gade","0a3f5096-8e6e-32b8-e044-0003ba298018",,,,,,,,,,,,,,,,,,,,,,,,,,,,,,,,,,,,,,,,,,,,,,,,,,,,,,,,,,,,,,,,,,,,,,,,,,,,,,,,,,,,,,,,,,,,,,,,,,,,"POINT (10.203777 56.147737)"
"342038108",,"Aarhus C","DK","40","Aarhus","8000","M.P. Bruuns Gade","0a3f5096-8e6f-32b8-e044-0003ba298018",,,,,,,,,,,,,,,,,,,,,,,,,,,,,,,,,,,,,,,,,,,,,,,,,,,,,,,,,,,,,,,,,,,,,,,,,,,,,,,,,,,,,,,,,,,,,,,,,,,,"POINT (10.203336 56.14788)"
"342038110",,"Aarhus C","DK","41","Aarhus","8000","M.P. Bruuns Gade","0a3f5096-8e71-32b8-e044-0003ba298018",,,,,,,,,,,,,,,,,,,,,,,,,,,,,,,,,,,,,,,,,,,,,,,,,,,,,,,,,,,,,,,,,,,,,,,,,,,,,,,,,,,,,,,,,,,,,,,,,,,,"POINT (10.2038 56.147651)"
"342038111",,"Aarhus C","DK","41B","Aarhus","8000","M.P. Bruuns Gade","0a3f5096-8e72-32b8-e044-0003ba298018",,,,,,,,,,,,,,,,,,,,,,,,,,,,,,,,,,,,,,,,,,,,,,,,,,,,,,,,,,,,,,,,,,,,,,,,,,,,,,,,,,,,,,,,,,,,,,,,,,,,"POINT (10.204177 56.14767)"
"342038112",,"Aarhus C","DK","42","Aarhus","8000","M.P. Bruuns Gade","0a3f5096-8e73-32b8-e044-0003ba298018",,,,,,,,,,,,,,,,,,,,,,,,,,,,,,,,,,,,,,,,,,,,,,,,,,,,,,,,,,,,,,,,,,,,,,,,,,,,,,,,,,,,,,,,,,,,,,,,,,,,"POINT (10.203355 56.14779)"
"342038114",,"Aarhus C","DK","44","Aarhus","8000","M.P. Bruuns Gade","0a3f5096-8e75-32b8-e044-0003ba298018",,,,,,,,,,,,,,,,,,,,,,,,,,,,,,,,,,,,,,,,,,,,,,,,,,,,,,,,,,,,,,,,,,,,,,,,,,,,,,,,,,,,,,,,,,,,,,,,,,,,"POINT (10.203367 56.147709)"
"342038115",,"Aarhus C","DK","45","Aarhus","8000","M.P. Bruuns Gade","0a3f5096-8e76-32b8-e044-0003ba298018",,,,,,,,,,,,,,,,,,,,,,,,,,,,,,,,,,,,,,,,,,,,,,,,,,,,,,,,,,,,,,,,,,,,,,,,,,,,,,,,,,,,,,,,,,,,,,,,,,,,"POINT (10.20384 56.147467)"
"342038116",,"Aarhus C","DK","46","Aarhus","8000","M.P. Bruuns Gade","0a3f5096-8e77-32b8-e044-0003ba298018",,,,,,,,,,,,,,,,,,,,,,,,,,,,,,,,,,,,,,,,,,,,,,,,,,,,,,,,,,,,,,,,,,,,,,,,,,,,,,,,,,,,,,,,,,,,,,,,,,,,"POINT (10.203387 56.147628)"
"342038117",,"Aarhus C","DK","46B","Aarhus","8000","M.P. Bruuns Gade","0a3f5096-8e78-32b8-e044-0003ba298018",,,,,,,,,,,,,,,,,,,,,,,,,,,,,,,,,,,,,,,,,,,,,,,,,,,,,,,,,,,,,,,,,,,,,,,,,,,,,,,,,,,,,,,,,,,,,,,,,,,,"POINT (10.202983 56.147583)"
"342038118",,"Aarhus C","DK","47","Aarhus","8000","M.P. Bruuns Gade","0a3f5096-8e79-32b8-e044-0003ba298018",,,,,,,,,,,,,,,,,,,,,,,,,,,,,,,,,,,,,,,,,,,,,,,,,,,,,,,,,,,,,,,,,,,,,,,,,,,,,,,,,,,,,,,,,,,,,,,,,,,,"POINT (10.203848 56.147377)"
"342038119",,"Aarhus C","DK","49","Aarhus","8000","M.P. Bruuns Gade","0a3f5096-8e7a-32b8-e044-0003ba298018",,,,,,,,,,,,,,,,,,,,,,,,,,,,,,,,,,,,,,,,,,,,,,,,,,,,,,,,,,,,,,,,,,,,,,,,,,,,,,,,,,,,,,,,,,,,,,,,,,,,"POINT (10.203871 56.147291)"
"342038120",,"Aarhus C","DK","50","Aarhus","8000","M.P. Bruuns Gade","0a3f5096-8e7b-32b8-e044-0003ba298018",,,,,,,,,,,,,,,,,,,,,,,,,,,,,,,,,,,,,,,,,,,,,,,,,,,,,,,,,,,,,,,,,,,,,,,,,,,,,,,,,,,,,,,,,,,,,,,,,,,,"POINT (10.203428 56.147444)"
"342038122",,"Aarhus C","DK","52","Aarhus","8000","M.P. Bruuns Gade","0a3f5096-8e7d-32b8-e044-0003ba298018",,,,,,,,,,,,,,,,,,,,,,,,,,,,,,,,,,,,,,,,,,,,,,,,,,,,,,,,,,,,,,,,,,,,,,,,,,,,,,,,,,,,,,,,,,,,,,,,,,,,"POINT (10.203446 56.147354)"
"342038127",,"Aarhus C","DK","56","Aarhus","8000","M.P. Bruuns Gade","0a3f5096-8e82-32b8-e044-0003ba298018",,,,,,,,,,,,,,,,,,,,,,,,,,,,,,,,,,,,,,,,,,,,,,,,,,,,,,,,,,,,,,,,,,,,,,,,,,,,,,,,,,,,,,,,,,,,,,,,,,,,"POINT (10.203517 56.14703)"
"342041201",,"Aarhus C","DK","15B","Aarhus","8000","Montanagade","0a3f5096-9772-32b8-e044-0003ba298018",,,,,,,,,,,,,,,,,,,,,,,,,,,,,,,,,,,,,,,,,,,,,,,,,,,,,,,,,,,,,,,,,,,,,,,,,,,,,,,,,,,,,,,,,,,,,,,,,,,,"POINT (10.2003679 56.147411)"
"342041202",,"Aarhus C","DK","15C","Aarhus","8000","Montanagade","0a3f5096-9773-32b8-e044-0003ba298018",,,,,,,,,,,,,,,,,,,,,,,,,,,,,,,,,,,,,,,,,,,,,,,,,,,,,,,,,,,,,,,,,,,,,,,,,,,,,,,,,,,,,,,,,,,,,,,,,,,,"POINT (10.200813 56.147411)"
"342047411",,"Aarhus C","DK","65","Aarhus","8000","Ole Rømers Gade","0a3f5096-ac29-32b8-e044-0003ba298018",,,,,,,,,,,,,,,,,,,,,,,,,,,,,,,,,,,,,,,,,,,,,,,,,,,,,,,,,,,,,,,,,,,,,,,,,,,,,,,,,,,,,,,,,,,,,,,,,,,,"POINT (10.200373 56.147168)"
"342047414",,"Aarhus C","DK","67","Aarhus","8000","Ole Rømers Gade","0a3f5096-ac2b-32b8-e044-0003ba298018",,,,,,,,,,,,,,,,,,,,,,,,,,,,,,,,,,,,,,,,,,,,,,,,,,,,,,,,,,,,,,,,,,,,,,,,,,,,,,,,,,,,,,,,,,,,,,,,,,,,"POINT (10.20053 56.147171)"
"342047416",,"Aarhus C","DK","69A","Aarhus","8000","Ole Rømers Gade","0a3f5096-ac2d-32b8-e044-0003ba298018",,,,,,,,,,,,,,,,,,,,,,,,,,,,,,,,,,,,,,,,,,,,,,,,,,,,,,,,,,,,,,,,,,,,,,,,,,,,,,,,,,,,,,,,,,,,,,,,,,,,"POINT (10.200621 56.147175)"
"342047417",,"Aarhus C","DK","69B","Aarhus","8000","Ole Rømers Gade","0a3f5096-ac2e-32b8-e044-0003ba298018",,,,,,,,,,,,,,,,,,,,,,,,,,,,,,,,,,,,,,,,,,,,,,,,,,,,,,,,,,,,,,,,,,,,,,,,,,,,,,,,,,,,,,,,,,,,,,,,,,,,"POINT (10.200703 56.147174)"
"342047419",,"Aarhus C","DK","71","Aarhus","8000","Ole Rømers Gade","0a3f5096-ac30-32b8-e044-0003ba298018",,,,,,,,,,,,,,,,,,,,,,,,,,,,,,,,,,,,,,,,,,,,,,,,,,,,,,,,,,,,,,,,,,,,,,,,,,,,,,,,,,,,,,,,,,,,,,,,,,,,"POINT (10.200834 56.147181)"
"342047422",,"Aarhus C","DK","73","Aarhus","8000","Ole Rømers Gade","0a3f5096-ac32-32b8-e044-0003ba298018",,,,,,,,,,,,,,,,,,,,,,,,,,,,,,,,,,,,,,,,,,,,,,,,,,,,,,,,,,,,,,,,,,,,,,,,,,,,,,,,,,,,,,,,,,,,,,,,,,,,"POINT (10.200938 56.147185)"
"342047424",,"Aarhus C","DK","75","Aarhus","8000","Ole Rømers Gade","0a3f5096-ac34-32b8-e044-0003ba298018",,,,,,,,,,,,,,,,,,,,,,,,,,,,,,,,,,,,,,,,,,,,,,,,,,,,,,,,,,,,,,,,,,,,,,,,,,,,,,,,,,,,,,,,,,,,,,,,,,,,"POINT (10.201042 56.147188)"
"342047426",,"Aarhus C","DK","77","Aarhus","8000","Ole Rømers Gade","0a3f5096-ac37-32b8-e044-0003ba298018",,,,,,,,,,,,,,,,,,,,,,,,,,,,,,,,,,,,,,,,,,,,,,,,,,,,,,,,,,,,,,,,,,,,,,,,,,,,,,,,,,,,,,,,,,,,,,,,,,,,"POINT (10.201141 56.147192)"
"342047427",,"Aarhus C","DK","79","Aarhus","8000","Ole Rømers Gade","0a3f5096-ac38-32b8-e044-0003ba298018",,,,,,,,,,,,,,,,,,,,,,,,,,,,,,,,,,,,,,,,,,,,,,,,,,,,,,,,,,,,,,,,,,,,,,,,,,,,,,,,,,,,,,,,,,,,,,,,,,,,"POINT (10.201242 56.147191)"
"342047430",,"Aarhus C","DK","81","Aarhus","8000","Ole Rømers Gade","0a3f5096-ac3a-32b8-e044-0003ba298018",,,,,,,,,,,,,,,,,,,,,,,,,,,,,,,,,,,,,,,,,,,,,,,,,,,,,,,,,,,,,,,,,,,,,,,,,,,,,,,,,,,,,,,,,,,,,,,,,,,,"POINT (10.201339 56.147195)"
"342047432",,"Aarhus C","DK","83","Aarhus","8000","Ole Rømers Gade","0a3f5096-ac3c-32b8-e044-0003ba298018",,,,,,,,,,,,,,,,,,,,,,,,,,,,,,,,,,,,,,,,,,,,,,,,,,,,,,,,,,,,,,,,,,,,,,,,,,,,,,,,,,,,,,,,,,,,,,,,,,,,"POINT (10.201415 56.147198)"
"342047434",,"Aarhus C","DK","85","Aarhus","8000","Ole Rømers Gade","0a3f5096-ac3e-32b8-e044-0003ba298018",,,,,,,,,,,,,,,,,,,,,,,,,,,,,,,,,,,,,,,,,,,,,,,,,,,,,,,,,,,,,,,,,,,,,,,,,,,,,,,,,,,,,,,,,,,,,,,,,,,,"POINT (10.201526 56.147202)"
"342047437",,"Aarhus C","DK","87","Aarhus","8000","Ole Rømers Gade","0a3f5096-ac40-32b8-e044-0003ba298018",,,,,,,,,,,,,,,,,,,,,,,,,,,,,,,,,,,,,,,,,,,,,,,,,,,,,,,,,,,,,,,,,,,,,,,,,,,,,,,,,,,,,,,,,,,,,,,,,,,,"POINT (10.201647 56.147205)"
"342047439",,"Aarhus C","DK","89","Aarhus","8000","Ole Rømers Gade","0a3f5096-ac42-32b8-e044-0003ba298018",,,,,,,,,,,,,,,,,,,,,,,,,,,,,,,,,,,,,,,,,,,,,,,,,,,,,,,,,,,,,,,,,,,,,,,,,,,,,,,,,,,,,,,,,,,,,,,,,,,,"POINT (10.2017469 56.147204)"
"342047441",,"Aarhus C","DK","91","Aarhus","8000","Ole Rømers Gade","0a3f5096-ac44-32b8-e044-0003ba298018",,,,,,,,,,,,,,,,,,,,,,,,,,,,,,,,,,,,,,,,,,,,,,,,,,,,,,,,,,,,,,,,,,,,,,,,,,,,,,,,,,,,,,,,,,,,,,,,,,,,"POINT (10.201853 56.147208)"
"342047444",,"Aarhus C","DK","93","Aarhus","8000","Ole Rømers Gade","0a3f5096-ac46-32b8-e044-0003ba298018",,,,,,,,,,,,,,,,,,,,,,,,,,,,,,,,,,,,,,,,,,,,,,,,,,,,,,,,,,,,,,,,,,,,,,,,,,,,,,,,,,,,,,,,,,,,,,,,,,,,"POINT (10.201977 56.147211)"
"342047460",,"Aarhus C","DK","114","Aarhus","8000","Ole Rømers Gade","0a3f5096-ac54-32b8-e044-0003ba298018",,,,,,,,,,,,,,,,,,,,,,,,,,,,,,,,,,,,,,,,,,,,,,,,,,,,,,,,,,,,,,,,,,,,,,,,,,,,,,,,,,,,,,,,,,,,,,,,,,,,"POINT (10.201997 56.147035)"
"442862712",,,,,,,,,"Jægergårdsgade","Netto","Q552652","da:Netto (supermarkedskæde)","46015","Netto","Mo-Su 08:00-22:00","yes","yes","35954716","1010523334","supermarket","yes",,,,,,,,,,,,,,,,,,,,,,,,,,,,,,,,,,,,,,,,,,,,,,,,,,,,,,,,,,,,,,,,,,,,,,,,,,,,,,,,,,,,,,,"POINT (10.200897 56.1480344)"
"679682774",,,,,,,,,,,,,"44692","Pub'en",,,,,,,"limited","pub",,,,,,,,,,,,,,,,,,,,,,,,,,,,,,,,,,,,,,,,,,,,,,,,,,,,,,,,,,,,,,,,,,,,,,,,,,,,,,,,,,,,,,"POINT (10.2007065 56.1480508)"
"679682775",,,,,,,,,,,,,"46904","Soya","12:00-23:00",,,,,,"no","restaurant","japanese food","OBS! This place supposedly serves japanese food, but only 1 thing on their menu is actually japanese. The rest is more likely of chinese descent and mixing several cultural things together.","+45 86184388","https://www.restaurantsoya.dk/",,,,,,,,,,,,,,,,,,,,,,,,,,,,,,,,,,,,,,,,,,,,,,,,,,,,,,,,,,,,,,,,,,,,,,,,,,,,,,,,,,"POINT (10.2005711 56.1480463)"
"681349330","bus_stop",,,,,,,,,,,,,"Jægergårdsgade/M. P. Bruuns Gade",,,,,,,,,,,,,"no","yes","yes","yes","Midttrafik","Q12327094","platform","no",,,,,,,,,,,,,,,,,,,,,,,,,,,,,,,,,,,,,,,,,,,,,,,,,,,,,,,,,,,,,,,,,,,,,,,,,,"POINT (10.2035703 56.1479687)"
"681349353","bus_stop",,,,,,,,,,,,,"Jægergårdsgade/M. P. Bruuns Gade",,,,,,,,,,,,,"no","yes","yes","yes","Midttrafik","Q12327094","platform","no",,,,,,,,,,,,,,,,,,,,,,,,,,,,,,,,,,,,,,,,,,,,,,,,,,,,,,,,,,,,,,,,,,,,,,,,,,"POINT (10.2034702 56.1479863)"
"738370301",,"Aarhus C","DK","60B","Aarhus","8000","Jægergårdsgade","0ea84e3c-5713-1cba-e044-0003ba298018",,,,,,,,,,,,,,,,,,,,,,,,,,,,,,,,,,,,,,,,,,,,,,,,,,,,,,,,,,,,,,,,,,,,,,,,,,,,,,,,,,,,,,,,,,,,,,,,,,,,"POINT (10.2005009 56.147926)"
"738370304",,"Aarhus C","DK","65A","Aarhus","8000","Jægergårdsgade","58e3aaba-7004-67b0-e044-0003ba298018",,,,,,,,,,,,,,,,,,,,,,,,,,,,,,,,,,,,,,,,,,,,,,,,,,,,,,,,,,,,,,,,,,,,,,,,,,,,,,,,,,,,,,,,,,,,,,,,,,,,"POINT (10.20084 56.148376)"
"738370305",,"Aarhus C","DK","66","Aarhus","8000","Jægergårdsgade","5ddb979d-ccf6-40d3-e044-0003ba298018",,,,,,,,,,,,,,,,,,,,,,,,,,,,,,,,,,,,,,,,,,,,,,,,,,,,,,,,,,,,,,,,,,,,,,,,,,,,,,,,,,,,,,,,,,,,,,,,,,,,"POINT (10.20133 56.148026)"
"738370307",,"Aarhus C","DK","68","Aarhus","8000","Jægergårdsgade","5ddb979d-ccf7-40d3-e044-0003ba298018",,,,,,,,,,,,,,,,,,,,,,,,,,,,,,,,,,,,,,,,,,,,,,,,,,,,,,,,,,,,,,,,,,,,,,,,,,,,,,,,,,,,,,,,,,,,,,,,,,,,"POINT (10.200939 56.147643)"
"738370315",,"Aarhus C","DK","69","Aarhus","8000","Jægergårdsgade","5ddb979d-ccf8-40d3-e044-0003ba298018",,,,,,,,,,,,,,,,,,,,,,,,,,,,,,,,,,,,,,,,,,,,,,,,,,,,,,,,,,,,,,,,,,,,,,,,,,,,,,,,,,,,,,,,,,,,,,,,,,,,"POINT (10.201067 56.148248)"
"738370318",,"Aarhus C","DK","76A","Aarhus","8000","Jægergårdsgade","53279ace-cc02-1b90-e044-0003ba298018",,,,,,,,,,,,,,,,,,,,,,,,,,,,,,,,,,,,,,,,,,,,,,,,,,,,,,,,,,,,,,,,,,,,,,,,,,,,,,,,,,,,,,,,,,,,,,,,,,,,"POINT (10.201712 56.148036)"
"738370324",,"Aarhus C","DK","88B","Aarhus","8000","Jægergårdsgade","0a3f5096-67f5-32b8-e044-0003ba298018",,,,,,,,,,,,,,,,,,,,,,,,,,,,,,,,,,,,,,,,,,,,,,,,,,,,,,,,,,,,,,,,,,,,,,,,,,,,,,,,,,,,,,,,,,,,,,,,,,,,"POINT (10.202704 56.1479)"
"738370327",,"Aarhus C","DK","100A","Aarhus","8000","Jægergårdsgade","58e3aaba-7005-67b0-e044-0003ba298018",,,,,,,,,,,,,,,,,,,,,,,,,,,,,,,,,,,,,,,,,,,,,,,,,,,,,,,,,,,,,,,,,,,,,,,,,,,,,,,,,,,,,,,,,,,,,,,,,,,,"POINT (10.203991 56.148256)"
"768578505",,"Aarhus C","DK","3A","Aarhus","8000","Montanagade","30131285-de02-3865-e044-0003ba298018",,,,,,,,,,,,,,,,,,,,,,,,,,,,,,,,,,,,,,,,,,,,,,,,,,,,,,,,,,,,,,,,,,,,,,,,,,,,,,,,,,,,,,,,,,,,,,,,,,,,"POINT (10.20031 56.147654)"
"1116310128",,,,,,,,,,,,,"943408","Aarhus Vinhandel","Mo-Fr 10:00-18:00; Sa 10:00-14:00",,,"21499536","1025826597","alcohol",,,,,"86133131","http://aarhusvinhandel.dk/",,,,,,,,,,,,,,,,,,,,,,,,,,,,,,,,,,,,,,,,,,,,,,,,,,,,,,,,,,,,,,,,,,,,,,,,,,,,,,,,,,"POINT (10.2038207 56.1475456)"
"1116310132",,,,,,,,,,,,,"130762","Saichi Sushi","Mo-Th 12:00-21:00; Fr-Sa 12:00-23:00; Su 16:00-21:00",,,,,,"no","restaurant","sushi","kitchen close at 22:00 at the latest","+45 87800008","http://www.saichi.dk/index.php",,,,,,,,,"Saichi Sushi",,,,,,,,,,,,,,,,,,,,,,,,,,,,,,,,,,,,,,,,,,,,,,,,,,,,,,,,,,,,,,,,,,,,,,,,,"POINT (10.2021253 56.1482704)"
"1116310138",,,,,,,,,,,,,"774161","Stromboli","12:00-22:00",,,,,,"no","restaurant","italian",,"+45 86196777","http://www.stromboli.dk/",,,,,,,,,,"50","yes",,,,,,,,,,,,,,,,,,,,,,,,,,,,,,,,,,,,,,,,,,,,,,,,,,,,,,,,,,,,,,,,,,,,,,,"POINT (10.2026993 56.148109)"
"1116310140",,,,,,,,,,,,,"130873","Emmerys","Mo-Fr 07:00-18:00; Sa-Su 07:00-17:00",,,"33388446",,"bakery",,,,,,"https://emmerys.dk/",,,,,,,,,,,,,,,,,,,,,,,,,,,,,,,,,,,,,,,,,,,,,,,,,,,,,,,,,,,,,,,,,,,,,,,,,,,,,,,,,,"POINT (10.2038671 56.147248)"
"1116310141",,,,,,,,,,,,,"131741","Nordisk Spisehus","Mo-Su 12:00-15:00, 17:30-22:00",,,,,,"limited","restaurant","nordic",,"+45 86177099","http://www.nordiskspisehus.dk/",,,,,,,,,,,,"wrong location in fvst",,,,,,,,,,,,,,,,,,,,,,,,,,,,,,,,,,,,,,,,,,,,,,,,,,,,,,,,,,,,,,,,,,,,,,"POINT (10.2036766 56.1480576)"
"1116310142",,,,,,,,,,,,,"46932","Klassisk","12:15-16:00,17:30+; Su 10:00-14:00,17:30+",,,,,,"limited","restaurant","french",,"+45 86131221","http://www.klassiskbistro.dk/",,,,,,,,,"Klassisk/Jægergårdsgade",,,,"Klassisk 65 - Bistro & Vinbar","no",,,,,,,,,,,,,,,,,,,,,,,,,,,,,,,,,,,,,,,,,,,,,,,,,,,,,,,,,,,,,,,,,,,,"POINT (10.2008592 56.1482256)"
"1116310144",,,,,,,,,,,,,"717608","Schweizerbageriet","Mo-Fr 06:30-18:00; Sa 06:30-17:00; Su 06:30-14:00",,,"38775588",,"bakery","yes",,,,"+4586123447","https://schweizerbageriet.dk/",,,,,,,,,"Schweizerbageriet ApS",,,,,,,,,,,,,,,,,,,,,,,,,,,,,,,,,,,,,,,,,,,,,,,,,,,,,,,,,,,,,,,,,,,,,,,,,"POINT (10.2035468 56.1470976)"
"1116310145",,,,,,,,,,,,,,"Sparekassen Kronjylland",,,,,,,"yes","bank",,,,,,,,,,,,,,,,,,,"yes","Sparekassen Kronjylland",,,,,,,,,,,,,,,,,,,,,,,,,,,,,,,,,,,,,,,,,,,,,,,,,,,,,,,,,,,,,,,,,,"POINT (10.2036676 56.1481822)"
"1334531371",,"Aarhus C","DK","13","Aarhus","8000","Brammersgade","4eca26b5-eed4-6765-e044-0003ba298018",,,,,,,,,,,,,,,,,,,,,,,,,,,,,,,,,,,,,,,,,,,,,,,,,,,,,,,,,,,,,,,,,,,,,,,,,,,,,,,,,,,,,,,,,,,,,,,,,,,,"POINT (10.202831 56.147481)"
"1334531372",,"Aarhus C","DK","19A","Aarhus","8000","Bülowsgade","22729a66-9402-44d0-e044-0003ba298018",,,,,,,,,,,,,,,,,,,,,,,,,,,,,,,,,,,,,,,,,,,,,,,,,,,,,,,,,,,,,,,,,,,,,,,,,,,,,,,,,,,,,,,,,,,,,,,,,,,,"POINT (10.202446 56.14753)"
"1334561740",,"Aarhus C","DK","100C","Aarhus","8000","Jægergårdsgade","5ddb979d-ccfa-40d3-e044-0003ba298018",,,,,,,,,,,,,,,,,,,,,,,,,,,,,,,,,,,,,,,,,,,,,,,,,,,,,,,,,,,,,,,,,,,,,,,,,,,,,,,,,,,,,,,,,,,,,,,,,,,,"POINT (10.204139 56.148277)"
"1364324506",,,,,,,,,,,,,"988906","Atelier 33","Mo-Su 12:00-15:00, 17:30-21:00",,,,,,,"restaurant","french",,"+4586998899","https://atelier33.dk/",,,,,,,,,,,,"fvst:no_pos",,,,,"no",,,,,,,,,,,,,,,,,,,,,,,,,,,,,,,,,,,,,,,,,,,,,,,,,,,,,,,,,,,,,,,,,"POINT (10.2036847 56.147971)"
"1364324507",,,,,,,,,,,,,,"Paradis",,,,,,,,"ice_cream",,,,,,,,,,,,,,,,,,,,,,"summer",,,,,,,,,,,,,,,,,,,,,,,,,,,,,,,,,,,,,,,,,,,,,,,,,,,,,,,,,,,,,,,,"POINT (10.203517 56.147337)"
"1602666766","traffic_signals",,,,,,,,,,,,,,,,,,,,,,,,,,,,,,,,,,,,,,,,,,,,,,,,,,,,,,,,,,,,,,,,,,,,,,,,,,,,,,,,,,,,,,,,,,,,,,,,,,,,,,,,,,,"POINT (10.2034708 56.1482566)"
"1602666775",,,,,,,,,,,,,,,,,,,,,,,,,,,,,,,,,,,,,,,,,,,,,"yes",,,,,,,,,,,,,,,,,,,,,,,,,,,,,,,,,,,,,,,,,,,,,,,,,,,,,,,,,,,,,,,"POINT (10.2039186 56.148394)"
"1637011470",,,,,,,,,,,,,,"Windsor",,,,,,"clothes","limited",,,,,,,,,,,,,,,,,,,,,,,,,,,,,,,,,,,,,,,,,,,,,,,,,,,,,,,,,,,,,,,,,,,,,,,,,,,,,,,,,,,,,,,"POINT (10.2014486 56.1480682)"
"1637011471",,,,,,,,,,,,,,"Aarhus Tatoo Center",,,,,,"tattoo",,,,,,,,,,,,,,,,,,,,,,,,,,,,,,,,,,,,,,,,,,,,,,,,,,,,,,,,,,,,,,,,,,,,,,,,,,,,,,,,,,,,,,,,"POINT (10.202425 56.1482864)"
"2398243998",,,,,,,,,,,,,,,,,,,,,,,,,,,,,,,,,,,,,,,,,,,,,"yes",,,,,,,,,,,,,,,,,,,,,,,,,,,,,,,,,,,,,,,,,,,,,,,,,,,,,,,,,,,,,,,"POINT (10.2058804 56.1492858)"
"2974351658",,"Aarhus C","DK","14A","Aarhus","8000","Bülowsgade","bbc8fd92-9147-46f8-b1fa-a24a9b0bb9b6",,,,,,,,,,,,,,,,,,,,,,,,,,,,,,,,,,,,,,,,,,,,,,,,,,,,,,,,,,,,,,,,,,,,,,,,,,,,,,,,,,,,,,,,,,,,,,,,,,,,"POINT (10.201707 56.147626)"
"3364415361",,"Aarhus C","DK","59A","Aarhus","8000","Jægergårdsgade","23ce85aa-2b89-48ab-bd37-c748dc36f4a4",,,,,,,,,,,,,,,,,,,,,,,,,,,,,,,,,,,,,,,,,,,,,,,,,,,,,,,,,,,,,,,,,,,,,,,,,,,,,,,,,,,,,,,,,,,,,,,,,,,,"POINT (10.200517 56.14836)"
"3364415363",,"Aarhus C","DK","59B","Aarhus","8000","Jægergårdsgade","0a3f5096-67d9-32b8-e044-0003ba298018",,,,,,,,,,,,,,,,,,,,,,,,,,,,,,,,,,,,,,,,,,,,,,,,,,,,,,,,,,,,,,,,,,,,,,,,,,,,,,,,,,,,,,,,,,,,,,,,,,,,"POINT (10.2005389 56.148236)"
"3402663467",,,,,,,,,,,,,,"Birthe Glerup",,,,,,"hairdresser","yes",,,,,,,,,,,,,,,,,,,,,,,,,,,,,,,,,,,,,,,,,,,,,,,,,,,,,,,,,,,,,,,,,,,,,,,,,,,,,,,,,,,,,,,"POINT (10.20073 56.14824)"
"3402665450",,,,,,,,,,,,,,"Headoffice",,,,,,"hairdresser","no",,,,,,,,,,,,,,,,,,,,,,,,,,,,,,,,,,,,,,,,,,,,,,,,,,,,,,,,,,,,,,,,,,,,,,,,,,,,,,,,,,,,,,,"POINT (10.20041 56.14803)"
"3402665548",,,,,,,,,,,,,,"Lagkagehuset","Mo-Fr 06:30-19:00; Sa-Su 06:30-18:00",,,,,"bakery","limited",,,,,,,,,,,,,,,,,,,,,,,,,,,,,,,,,,,,,,,,,,,,,,,,,,,,,,,,,,,,,,,,,,,,,,,,,,,,,,,,,,,,,,,"POINT (10.20323 56.14838)"
"3402666014",,,,,,,,,,,,,,"Jysk Skum",,,,,,,,"marketplace",,,,,,,,,,,,,,,,,,,,,,,,"Fabrics and house decoration",,,,,,,,,,,,,,,,,,,,,,,,,,,,,,,,,,,,,,,,,,,,,,,,,,,,,,,,,,,,,,"POINT (10.20179 56.14827)"
"3402666029",,,,,,,,,,,,,,"Kayser renseri og systue",,,,,,"clothes",,,,,,,,,,,,,,,,,,,,,,,,,,,,,,,,,,,,,,,,,,,,,,,,,,,,,,,,,,,,,,,,,,,,,,,,,,,,,,,,,,,,,,,,"POINT (10.2024 56.1481)"
"3402666035",,,,,,,,,,,,,,"Danmission Genbrug","Mo-Fr 10:00-17:00; Sa 10:00-13:00",,,,,"charity",,,,,"+45 86 20 20 03","https://genbrug.danmission.dk/blog/butik/danmission-genbrug-aarhus/",,,,,,,,,,,,,,,,,,,,,"dgjaegergaardsgade@danmission.dk","yes",,,,,,,,,,,,,,,,,,,,,,,,,,,,,,,,,,,,,,,,,,,,,,,,,,,,,,,,,,,,"POINT (10.20132 56.14802)"
"3578226544","crossing",,,,,,,,,,,,,,,,,,,,,,,,,,,,,,,,,,,,,,,,,,,,,,,,"traffic_signals","yes",,,,,,,,,,,,,,,,,,,,,,,,,,,,,,,,,,,,,,,,,,,,,,,,,,,,,,,,,,"POINT (10.1967067 56.1480822)"
"3904833607",,,,,,,,,,,,,,"Aarhus Bykirke",,,,,,,,"place_of_worship",,,,"http://aarhusbykirke.dk/",,,,,,,,,,,,,,,,,,,,,,,,,"lutheran","christian","Q12300319",,,,,,,,,,,,,,,,,,,,,,,,,,,,,,,,,,,,,,,,,,,,,,,,,,,,,,,"POINT (10.2029077 56.1470885)"
"4114341317",,,,,,,,,,,,,"506896","Sct. Pauls Apotek","17:30-24:00; Su-Mo off; Fr-Sa 17:30-02:00",,,,,,,"fast_food","regional",,"+45 86120833","http://stpaulsapothek.dk/",,,,,,,,,,,,,,,,,,,,,,,,,,,,,,,,,,,,,,,,,,,,,,,,,,,,,,,,,,,,,,,,,,,,,,,,,,,,,,,,,,"POINT (10.201741 56.14811)"
"4135733270",,"Aarhus C","DK","90A","Aarhus","8000","Jægergårdsgade","0000af2c-ae73-485e-8718-dcb918021a2a",,,,,,,,,,,,,,,,,,,,,,,,,,,,,,,,,,,,,,,,,,,,,,,,,,,,,,,,,,,,,,,,,,,,,,,,,,,,,,,,,,,,,,,,,,,,,,,,,,,,"POINT (10.202854 56.148114)"
"4277723847","crossing",,,,,,,,,,,,,,,,,,,,,,,,,,,,,,,,,,,,,,,,,,,,,,,,"traffic_signals","no",,,,"no","no","no",,,,,,,,,,,,,,,,,,,,,,,,,,,,,,,,,,,,,,,,,,,,,,,,,,,,"POINT (10.2032796 56.1482452)"
"4286123308",,,,,,,,,,,,,"769038","The Burger Shack Jægergårdsgade",,,,,,,,"fast_food","burger",,,,,,,,,,,,,,,,"TBJ Aarhus",,,,,,,,,,,,,,,,,,"Tommi's Burger Joint",,,,,,,,,,,,,,,,,,,,,,,,,,,,,,,,,,,,,,,,,,,,,,,,,,,"POINT (10.2004117 56.1482139)"
"4289875083","crossing",,,,,,,,,,,,,,,,,,,,,,,,,,,,,,,,,,,,,,,,,,,,,,,,"traffic_signals","no",,,,"no","no","no",,,,,,,,,,,,,,,,,,,,,,,,,,,,,,,,,,,,,,,,,,,,,,,,,,,,"POINT (10.2034499 56.1483592)"
"4289875084","crossing",,,,,,,,,,,,,,,,,,,,,,,,,,,,,,,,,,,,,,,,,,,,,,,,"traffic_signals","no",,,,"no","no","no",,,,,,,,,,,,,,,,,,,,,,,,,,,,,,,,,,,,,,,,,,,,,,,,,,,,"POINT (10.2034898 56.1481647)"
"4289875085","crossing",,,,,,,,,,,,,,,,,,,,,,,,,,,,,,,,,,,,,,,,,,,,,,,,"traffic_signals","no",,,,"no","no","no",,,,,,,,,,,,,,,,,,,,,,,,,,,,,,,,,,,,,,,,,,,,,,,,,,,,"POINT (10.2036588 56.1482849)"
"4403383112",,,,,,,,,,,,,"577631","Mikkeller",,,,,,,,"bar",,,,,,,,,,,,,,,,,,,,,,,,,,,,,,,,,,,,"yes",,,,,,,,,,,,,,,,,,,,,,,,,,,,,,,,,,,,,,,,,,,,,,,,,,"POINT (10.2006518 56.1482558)"
"4418717790",,,,,,,,,,,,,"48664","ABCafé",,,,,,,,"social_facility",,,,"https://www.aarhus.dk/da/borger/Handicap-og-socialpsykiatri/Psykisk-saarbare-og-udsatte-voksne/Alkoholbehandling/ABCafe.aspx",,,,,,,,,,,,,,,,"Center for alkoholbehandling Århus",,,,,,,,,,,,,,,,,"alcoholics",,,,,,,,,,,,,,,,,,,,,,,,,,,,,,,,,,,,,,,,,,,,,,,,,"POINT (10.2012423 56.1480597)"
"4418879467",,,,,,,,,,,,,"662442","Letz Sushi","Mo-Th 12:00-21:00; Fr,Sa 12:00-21:00; Su 12:00-21:00",,,,,,,"restaurant","sushi",,"+45 86139990","https://www.letzsushi.dk/?portfolio=aarhus-m-p-bruunsgade-86-13-99-90",,,,,,,,,,,,,,,,,,,,,,,,,,,,,,,,,,"yes",,,,,,,,,,,,,,,,,,,,,,,,,,,,,,,,,,,,,,,,,,,,,,,,"POINT (10.2034783 56.1472401)"
"4517932584",,,,,,,,,,,,,,"Jægergårdsgade/M. P. Bruuns Gade",,,,,,,,,,,,,,,"yes",,"Midttrafik",,"stop_position",,,,,,,,,,,,,,,,,,,,,,,,,,,,,,,,,,,,,,,,,,,,,,,,,,,,,,,,,,,,,,,,,,,,,,,,,,,"POINT (10.2035289 56.1479758)"
"4636814423",,,,,,,,,,,,,"47601","Street Coffee","Mo-Fr 07:30-18:00; Sa 08:30-17:00; Su 09:30-17:00",,,,,,,"cafe","coffee",,,,,,,,,,,,,,,,,,,,,,,,,,,,,,,,,,,,,,"wlan","no","pedestrian_zone","outside",,,,,,,,,,,,,,,,,,,,,,,,,,,,,,,,,,,,,,,,,,,,"POINT (10.2033068 56.1472176)"
"4731214328",,,,,,,,,,,,,"667045","Prezzemolo",,,,,,,,"fast_food",,,,,,,,,,,,,,,,,,,,,,,,,,,,,,,,,,,,,,,,,,,,,,,,,,,,,,,,,,,,,,,,,,,,,,,,,,,,,,,,,,,,,,"POINT (10.202736 56.1482873)"
"4839953435",,,,,,,,,,,,,"553050","Restaurant Ombord",,,,,,,,"restaurant",,,,"https://restaurantombord.dk",,,,,,,,,,,,,,,,,,,,,,,,,,,,,,,,,,,,,,,,,,,,,,,,,,,,,,,,,,,,,,,,,,,,,,,,,,,,,,,,,,"POINT (10.2013937 56.1482358)"
"4927532626","traffic_signals",,,,,,,,,,,,,,,,,,,,,,,,,,,,,,,,,,,,,,,,,,,,,,,,,,,,,,,,,,,,,,,,"forward",,,,,,,,,,,,,,,,,,,,,,,,,,,,,,,,,,,,,,,,,,,"POINT (10.196815 56.1480604)"
"5030711744",,,,,,,,,,,,,,,,,,,,,,,,,,,,,,,,,,,,,,,,,,,,,"main",,,,,,,,,,,,,,,,,,,,,,,,,,,,,,,,,,,,,,,,,,,,,,,,,,,,,,,,,,,,,,,"POINT (10.2034144 56.1492168)"
"5032201365",,,,,,,,,,,,,,,,,,,,,,"bicycle_parking",,,,,,,,,,,,,,,,,,,,,,,,,,,,,,,,,,,,,,,,,,,,"yes","no","no","underground","no",,,,,,,,,,,,,,,,,,,,,,,,,,,,,,,,,,,,,,"POINT (10.2034895 56.1488501)"
"5664873739",,"Aarhus C","DK","33","Aarhus","8000","M.P. Bruuns Gade","0a3f5096-8e66-32b8-e044-0003ba298018",,,,,,,,,,,,,,,,,,,,,,,,,,,,,,,,,,,,,,,,,,,,,,,,,,,,,,,,,,,,,,,,,,,,,,,,,,,,,,,,,,,,,,,,,,,,,,,,,,,,"POINT (10.2037289 56.147989)"
"5664873740",,"Aarhus C","DK","51","Aarhus","8000","M.P. Bruuns Gade","0a3f5096-8e7c-32b8-e044-0003ba298018",,,,,,,,,,,,,,,,,,,,,,,,,,,,,,,,,,,,,,,,,,,,,,,,,,,,,,,,,,,,,,,,,,,,,,,,,,,,,,,,,,,,,,,,,,,,,,,,,,,,"POINT (10.203921 56.14703)"
"5664873741",,"Aarhus C","DK","54","Aarhus","8000","M.P. Bruuns Gade","0a3f5096-8e7f-32b8-e044-0003ba298018",,,,,,,,,,,,,,,,,,,,,,,,,,,,,,,,,,,,,,,,,,,,,,,,,,,,,,,,,,,,,,,,,,,,,,,,,,,,,,,,,,,,,,,,,,,,,,,,,,,,"POINT (10.203355 56.14727)"
"5664873779",,"Aarhus C","DK","90D","Aarhus","8000","Jægergårdsgade","0c7f7f0d-3bec-4bd7-abf4-6e693345eeb7",,,,,,,,,,,,,,,,,,,,,,,,,,,,,,,,,,,,,,,,,,,,,,,,,,,,,,,,,,,,,,,,,,,,,,,,,,,,,,,,,,,,,,,,,,,,,,,,,,,,"POINT (10.203327 56.148162)"
"5664899124",,"Aarhus C","DK","15","Aarhus","8000","Brammersgade","08ebea50-99d7-4141-8782-e80ddbb54086",,,,,,,,,,,,,,,,,,,,,,,,,,,,,,,,,,,,,,,,,,,,,,,,,,,,,,,,,,,,,,,,,,,,,,,,,,,,,,,,,,,,,,,,,,,,,,,,,,,,"POINT (10.203307 56.147229)"
"5664899138",,"Aarhus C","DK","43","Aarhus","8000","M.P. Bruuns Gade","0a3f5096-8e74-32b8-e044-0003ba298018",,,,,,,,,,,,,,,,,,,,,,,,,,,,,,,,,,,,,,,,,,,,,,,,,,,,,,,,,,,,,,,,,,,,,,,,,,,,,,,,,,,,,,,,,,,,,,,,,,,,"POINT (10.203816 56.147561)"
"5664904034",,"Aarhus C","DK","23","Aarhus","8000","Brammersgade","0a3f5095-f2d2-32b8-e044-0003ba298018",,,,,,,,,,,,,,,,,,,,,,,,,,,,,,,,,,,,,,,,,,,,,,,,,,,,,,,,,,,,,,,,,,,,,,,,,,,,,,,,,,,,,,,,,,,,,,,,,,,,"POINT (10.204367 56.1473)"
"5664904055",,"Aarhus C","DK","37","Aarhus","8000","M.P. Bruuns Gade","0a3f5096-8e6b-32b8-e044-0003ba298018",,,,,,,,,,,,,,,,,,,,,,,,,,,,,,,,,,,,,,,,,,,,,,,,,,,,,,,,,,,,,,,,,,,,,,,,,,,,,,,,,,,,,,,,,,,,,,,,,,,,"POINT (10.203758 56.147827)"
"5664904056",,"Aarhus C","DK","38B","Aarhus","8000","M.P. Bruuns Gade","0a3f5096-8e6d-32b8-e044-0003ba298018",,,,,,,,,,,,,,,,,,,,,,,,,,,,,,,,,,,,,,,,,,,,,,,,,,,,,,,,,,,,,,,,,,,,,,,,,,,,,,,,,,,,,,,,,,,,,,,,,,,,"POINT (10.203007 56.147947)"
"5664904057",,"Aarhus C","DK","40C","Aarhus","8000","M.P. Bruuns Gade","0a3f5096-8e70-32b8-e044-0003ba298018",,,,,,,,,,,,,,,,,,,,,,,,,,,,,,,,,,,,,,,,,,,,,,,,,,,,,,,,,,,,,,,,,,,,,,,,,,,,,,,,,,,,,,,,,,,,,,,,,,,,"POINT (10.203006 56.14787)"
"5664910993",,"Aarhus C","DK","85B","Aarhus","8000","Jægergårdsgade","32cd7c76-2f3d-417b-ad7f-6d710db8c801",,,,,,,,,,,,,,,,,,,,,,,,,,,,,,,,,,,,,,,,,,,,,,,,,,,,,,,,,,,,,,,,,,,,,,,,,,,,,,,,,,,,,,,,,,,,,,,,,,,,"POINT (10.202718 56.14835)"
"5664913149",,"Aarhus C","DK","37A","Aarhus","8000","M.P. Bruuns Gade","734c006f-bf2d-17af-e044-00144f3ead67",,,,,,,,,,,,,,,,,,,,,,,,,,,,,,,,,,,,,,,,,,,,,,,,,,,,,,,,,,,,,,,,,,,,,,,,,,,,,,,,,,,,,,,,,,,,,,,,,,,,"POINT (10.204106 56.147846)"
"5664914452",,"Aarhus C","DK","90B","Aarhus","8000","Jægergårdsgade","2cc4a062-57f3-43fc-ab32-b791960722dd",,,,,,,,,,,,,,,,,,,,,,,,,,,,,,,,,,,,,,,,,,,,,,,,,,,,,,,,,,,,,,,,,,,,,,,,,,,,,,,,,,,,,,,,,,,,,,,,,,,,"POINT (10.202968 56.148126)"
"5664916658",,"Aarhus C","DK","85A","Aarhus","8000","Jægergårdsgade","8134d3dd-ee26-4fc7-a4d8-bc2b200f01e7",,,,,,,,,,,,,,,,,,,,,,,,,,,,,,,,,,,,,,,,,,,,,,,,,,,,,,,,,,,,,,,,,,,,,,,,,,,,,,,,,,,,,,,,,,,,,,,,,,,,"POINT (10.202749 56.148332)"
"5678435726",,,,,,,,,,,,,,"Marianne Røgild",,,,,,,,,,,,,,,,,,,,,,,,,,,,,,,,,,,,,,,,,,,,,,,,,,,,,,,,,"pottery",,,,,,,,,,,,,,,,,,,,,,,,,,,,,,,,,,,,,"POINT (10.2002914 56.1482178)"
"5678435727",,,,,,,,,,,,,,"Formuleret",,,,,,,,,,,,,,,,,,,,,,,,,,,,"Ninna Gøtzsche",,,,,,,,,,,,,,,,,,,,,,,,,,,,,"pottery",,,,,,,,,,,,,,,,,,,,,,,,,,,,,,,,,,,,,"POINT (10.2019523 56.1480979)"
"5678435728",,,,,,,,,,,,,,"Friis Kaffe & Te",,,,,,"coffee",,,,,,,,,,,,,,,,,,,,,,,,,,,,,,,,,,,,,,,,,,,,,,,,,,,,,,,,,,,,,,,,,,,,,,,,,,,,,,,,,,,,,,,,"POINT (10.2025157 56.1481072)"
"5678435729",,,,,,,,,,,,,,"Slagter Theilgaard",,,,,,"butcher",,,,,,,,,,,,,,,,,,,,,,,,,,,,,,,,,,,,,,,,,,,,,,,,,,,,,,,,,,,,,,,,,,,,,,,,,,,,,,,,,,,,,,,,"POINT (10.2032911 56.1481585)"
"5684897802","crossing",,,,,,,,,,,,,,,,,,,,,,,,,,,,,,,,,,,,,,,,,,,,,,,,"zebra","no",,,,,,,,,,,,,,,,,,,,,,"no",,,,,,,,,,,,,,,,,,,,,,,,,,,,,,,,,,,,"POINT (10.2037985 56.1466531)"
"5962643847",,,,,,,,,,,,,,,,,,,,"clothes",,,,,,,,,,,,,,,,,,,,,,,,,,,,,,,,,,,,,,,,,,,,,,,,,,,,,,,,,,,,,,,,,,,,,,,,,,,,,,,,,,,,,,,,"POINT (10.2018188 56.1480989)"
"6053541799",,"Aarhus C","DK","106","Aarhus","8000","Jægergårdsgade","34ab4477-e156-4ce6-b58c-3ffb88827d4d",,,,,,,,,,,,,,,,,,,,,,,,,,,,,,,,,,,,,,,,,,,,,,,,,,,,,,,,,,,,,,,,,,,,,,,,,,,,,,,,,,,,,,,,,,,,,,,,,,,,"POINT (10.204431 56.148314)"
"6711051586",,,,,,,,,,,,,"798745","La Rossa","Mo-Su 11:30-19:40",,,,,,,"fast_food","pizza",,"+4561626562","https://www.la-rossa.dk/",,,,,,,,,,,,"fvst position missing, fixed from overpassturbo/osak",,,,,,,,,,,,,,,,,,,,,,,,,,,,,,,,,,,,,,,,,,,,,,,,,,,,,,,,,,,,,,,,,,,,,,"POINT (10.203417 56.147628)"
"6765089494",,,,,,,,,,,,,"912250","BarHabla",,,,,,,,"bar","seafood;spanish",,,,,,,,,,,,,,,,,,,,,,,,,,,,,,,,,,,,,,,,,,,,,,,,,,,,,,,,,,,,,,,,,,,,,,,,,,,,,,,,,,,,,"POINT (10.2009998 56.1482528)"
"7223665892",,,,,,,,,,,,,"945203","Highway 51 Diner",,,,,,,,"fast_food","US_south",,,,,,,,,,,,"Highway 51",,,"fvst position missing, fixed from overpassturbo/osak",,,,,,,,,,,,,,,,,,,,,,,,,,,,,,,,,,,,,,,,,,,,,,,,,,,,,,,,,,,,,,,,,,,,,,"POINT (10.203385 56.14779)"
"7714852995",,,,,,,,,,,,,"947234","Mammis Gelato",,,,,,,,"ice_cream",,,,,,,,,,,,,,,,"fvst position missing, fixed from overpassturbo/osak",,,,,,,,,,,,,,,,,,,,,,,,,,,,,,,,,,,,,,,,,,,,,,,,,,,,,,,,,,,,,,,,,,,,,,"POINT (10.20136 56.148026)"
"7959461587",,"Aarhus C","DK","90C","Aarhus","8000","Jægergårdsgade","ae881870-8853-4e50-bde8-b711b4e8741c",,,,,,,,,,,,,,,,,,,,,,,,,,,,,,,,,,,,,,,,,,,,,,,,,,,,,,,,,,,,,,,,,,,,,,,,,,,,,,,,,,,,,,,,,,,,,,,,,,,,"POINT (10.2030809 56.148147)"
"8097790977",,,,,,,,,"M.P.Bruunsgade",,,,"947296","Café K",,,,"33048025",,,,"cafe","burger",,"+45 30509712","https://cafe-k.dk/",,,,,,,,,,,,"fvst position missing, fixed from overpassturbo/osak",,,,,,,,,,,,,,,,,,,,,,,,,,,,,,,,,,,,,,,,,,,,,,,,,,,,,,,,,,,,,,,,,,,,,,"POINT (10.20387 56.147467)"
"8182550618",,"Aarhus C","DK","64C","Aarhus","8000","Jægergårdsgade","cbb21b5f-3b2c-448f-8330-ef18332f5c14",,,,,,,,,,,,,,,,,,,,,,,,,,,,,,,,,,,,,,,,,,,,,,,,,,,,,,,,,,,,,,,,,,,,,,,,,,,,,,,,,,,,,,,,,,,,,,,,,,,,"POINT (10.201173 56.148018)"
"8182550619",,"Aarhus C","DK","66B","Aarhus","8000","Jægergårdsgade","69e634ff-85b8-4908-b9d0-a51228f62aae",,,,,,,,,,,,,,,,,,,,,,,,,,,,,,,,,,,,,,,,,,,,,,,,,,,,,,,,,,,,,,,,,,,,,,,,,,,,,,,,,,,,,,,,,,,,,,,,,,,,"POINT (10.201482 56.148033)"
"8182550620",,"Aarhus C","DK","64B","Aarhus","8000","Jægergårdsgade","d2ee0aac-5457-4d61-9c26-8419c7efa3c8",,,,,,,,,,,,,,,,,,,,,,,,,,,,,,,,,,,,,,,,,,,,,,,,,,,,,,,,,,,,,,,,,,,,,,,,,,,,,,,,,,,,,,,,,,,,,,,,,,,,"POINT (10.20104 56.148013)"
"8222260964",,,,,,,,,,,,,,,,,,,,,,"atm",,,,,,,,,,,,,,,,,,,,"Sparekassen Kronjylland",,,,,,,,,,,,,,,,,,,,,,,,,,,,,,,,,,,,,,,,,,,,,,,,,,,,,,,,,,,,,,,,,,"POINT (10.2036476 56.1481318)"
"8222294533",,,,,,,,,,,,,,,,,,,,,,"atm",,,,,,,,,,,,,,,,,,,,"Sparekassen Kronjylland",,,,,,,,,,,,,,,,,,,,,,,,,,,,,,,,,,,,,,,,,,,,,,,,,,,,,,,,,,,,,,,,,,"POINT (10.2038185 56.1482298)"
"8225040265",,,,,,,,,,,,,,,,,,,,,,,,,,,,,,,,,,,,,,,,,,,,,,,,,,,,,,,,,,,,,,,,,,,,,,,,,"both","asphalt","table",,,,,,,,,,,,,,,,,,,,,,,,,,,,,,,,,"POINT (10.1979021 56.1480625)"
"8225040266",,,,,,,,,,,,,,,,,,,,,,,,,,,,,,,,,,,,,,,,,,,,,,,,,,,,,,,,,,,,,,,,,,,,,,,,,"both","asphalt","table",,,,,,,,,,,,,,,,,,,,,,,,,,,,,,,,,"POINT (10.1993262 56.1481166)"
"8225040267",,,,,,,,,,,,,,,,,,,,,,,,,,,,,,,,,,,,,,,,,,,,,,,,,,,,,,,,,,,,,,,,,,,,,,,,,"both","asphalt","table",,,,,,,,,,,,,,,,,,,,,,,,,,,,,,,,,"POINT (10.2005332 56.1481567)"
"8225040268",,,,,,,,,,,,,,,,,,,,,,,,,,,,,,,,,,,,,,,,,,,,,,,,,,,,,,,,,,,,,,,,,,,,,,,,,"both","asphalt","table",,,,,,,,,,,,,,,,,,,,,,,,,,,,,,,,,"POINT (10.2019468 56.1481973)"
"8225040269",,,,,,,,,,,,,,,,,,,,,,,,,,,,,,,,,,,,,,,,,,,,,,,,,,,,,,,,,,,,,,,,,,,,,,,,,"both","concrete","table",,,,,,,,,,,,,,,,,,,,,,,,,,,,,,,,,"POINT (10.2040443 56.1483431)"
"8225040270",,,,,,,,,,,,,,,,,,,,,,,,,,,,,,,,,,,,,,,,,,,,,,,,,,,,,,,,,,,,,,,,,,,,,,,,,"both","concrete","table",,,,,,,,,,,,,,,,,,,,,,,,,,,,,,,,,"POINT (10.20549 56.1484821)"
"8225040271",,,,,,,,,,,,,,,,,,,,,,,,,,,,,,,,,,,,,,,,,,,,,,,,,,,,,,,,,,,,,,,,,,,,,,,,,"both","concrete","table",,,,,,,,,,,,,,,,,,,,,,,,,,,,,,,,,"POINT (10.2072173 56.1484422)"
"8303574642","crossing",,,,,,,,,,,,,,,,,,,,,,,,,,,,,,,,,,,,,,,,,,,,,,,,"traffic_signals","no",,,,"yes","no",,,,,,,,,,,,,,,,,,,,,,,,,,,,,,,,,,,,,,,,,,,,,,,,,,,,,"POINT (10.209142 56.1482734)"
"8303574645","crossing",,,,,,,,,,,,,,,,,,,,,,,,,,,,,,,,,,,,,,,,,,,,,,,,"traffic_signals","no",,,,"yes","no",,,,,,,,,,,,,,,,,,,,,,,,,,,,,,,,,,,,,,,,,,,,,,,,,,,,,"POINT (10.2095809 56.1482135)"
"8671833729",,,,,,,,,,,,,"789448","Decorate Shop",,,,"26345219","1016381116","interior_decoration",,,,,,"https://www.decorateshop.dk/aarhus/",,,,,,,,,,,,,,,,,,,,,,,,,,,,,,,,,,,,,,,,,,,,,,,,,,,,,,,,,,,,,,,,,,,,,,,,,,,,,,,,,,"POINT (10.204145 56.148302)"
"9024878410",,,,,,,,,,,,,,"Genbrun","Tu-Fr 12:00-18:00; Sa 10:00-16:00",,,,,"second_hand",,,,,"+4551354564","https://instagram.com/genbrun.dk?utm_medium=copy_link",,,,,,,,,,,,,,,,,,,,,,,,,,,,,,,,,,,,,,,,,,,,,,,,,,,,,,,,,,,,,,,,,,,,,,,,,,,,,,,,,,"POINT (10.203778 56.147651)"
"11831576","residential",,,,,,,,,,,,,"Jægergårdsgade",,,,,,,,,,,,,,,,"yes",,,,,,,,,,,,,,,,,,,,,,,,,,,,,,,,,,,,,,,,,,,,"asphalt",,"yes","shared_lane","50","both","DK:urban",,,,,,,,,,,,,,,,,,,,,,,,,,,,"LINESTRING (10.2032796 56.1482452, 10.2024682 56.148213, 10.2023128 56.1482069, 10.2021632 56.148203, 10.2019468 56.1481973, 10.2015526 56.1481869, 10.2013988 56.1481828, 10.2012228 56.1481782, 10.2005332 56.1481567, 10.2001504 56.1481448, 10.1999611 56.14814, 10.1993262 56.1481166, 10.1990513 56.1481065, 10.1985949 56.1480884, 10.1985338 56.148087, 10.1979021 56.1480625, 10.1975181 56.1480476, 10.1971586 56.148044, 10.1970034 56.1480455, 10.196815 56.1480604, 10.1967067 56.1480822, 10.1966489 56.1481068, 10.1966147 56.1481396, 10.1965906 56.148175)"
"17454859","residential",,,,,,,,,,,,,"Brammersgade",,,,,,,,,,,,,,,,"yes",,,,,,,,,,,,,,,,,,,,,,,,,,,,,,,,,,,,,,,,,,,,"asphalt",,,,"50","both","DK:urban","yes",,,,,,,,,,,,,,,,,,,,,,,,,,,"LINESTRING (10.2036935 56.1471781, 10.204837 56.1472378, 10.2057061 56.1472799, 10.206445 56.1473156, 10.2069761 56.1473268, 10.207141 56.1473119)"
"18817787","residential",,,,,,,,,,,,,"Fredericiagade",,,,,,,,,,,,,,,,"yes",,,,,,,,,,,,,,,,,,,,,,,,,,,,,,,,,,,,,,,,,,,,"paving_stones",,,,"50",,"DK:urban",,,,,,,,,,,,,,,,,,,,,,,,,,,,"LINESTRING (10.2023128 56.1482069, 10.2021359 56.1488031)"
"18817826","residential",,,,,,,,,,,,,"Helgolandsgade",,,,,,,,,,,,,,,,"yes",,,,,,,,,,,,,,,,,,,,,,,,,,,,,,,,,,,,,,,,,,,,"paving_stones",,,,"50",,"DK:urban",,"no",,,,,,,,,,,,,,,,,,,,,,,,,,"LINESTRING (10.2010974 56.1486974, 10.2012228 56.1481782)"
"42418909","residential",,,,,,,,,,,,,"Bülowsgade",,,,,,,,,,,,,,,,"yes",,,,,,,,,,,,,,,,,,,,,,,,,,,,,,,,,,,,,,,,,,,,"asphalt",,,,"50","both","DK:urban","yes","no","no",,,,,,,,,,,,,,,,,,,,,,,,,"LINESTRING (10.2021546 56.1471297, 10.202165 56.1463133)"
"107700638",,,,,,,,,,,,,,,,,,,,,,,,,,,,,,,,,,,,,,,,,,,,,,,,,,,,,,,,,,,,,,,,,,,,,,,,,,,,,,,,,,,,"yes",,,,,,,,,,,,,,,,,,,,,,,,"POLYGON ((10.2053761 56.1467036, 10.205366 56.1467476, 10.205256 56.1467398, 10.2052659 56.1466966, 10.2051453 56.146688, 10.2051347 56.146734, 10.2050419 56.1467274, 10.2050527 56.1466805, 10.2049451 56.1466728, 10.204934 56.1467217, 10.2047966 56.1467119, 10.2048067 56.1466678, 10.204722 56.1466618, 10.204712 56.1467055, 10.2045711 56.1466955, 10.2045802 56.1466558, 10.2042885 56.1466365, 10.2041021 56.1467165, 10.2040377 56.1470422, 10.2064812 56.1471632, 10.2064726 56.1472542, 10.2038785 56.1471206, 10.2038344 56.1471038, 10.203917 56.1466814, 10.2040221 56.1466268, 10.2041798 56.1465497, 10.2064665 56.1466873, 10.2065362 56.1467015, 10.2069648 56.1472386, 10.206935 56.1472717, 10.2067984 56.1472737, 10.2063672 56.146762, 10.2053761 56.1467036))"
"108599971",,,,,,,,,,,,,,,,,,,,,,,,,,,,,,,,,,,,,,,,,,,,,,,,,,,,,,,,,,,,,,,,,,,,,,,,,,,,,,,,,,,,"yes",,,,,,,,,,,,,,,,,,,,,,,,"POLYGON ((10.2043897 56.1476169, 10.2044045 56.1475508, 10.2044906 56.147559, 10.204472 56.1476204, 10.2043897 56.1476169))"
"108599972",,,,,,,,,,,,,,,,,,,,,,,,,,,,,,,,,,,,,,,,,,,,,,,,,,,,,,,,,,,,,,,,,,,,,,,,,,,,,,,,,,,,"yes",,,,,,,,,,,,,,,,,,,,,,,,"POLYGON ((10.2041822 56.1483037, 10.2042167 56.1482124, 10.2042743 56.1482186, 10.2043098 56.1481586, 10.2043926 56.1481725, 10.204371 56.1482364, 10.2044391 56.1482451, 10.2044409 56.1482201, 10.2045245 56.1482263, 10.2044952 56.1483281, 10.2044555 56.148343, 10.2041822 56.1483037))"
"108599973",,,,,,,,,,,,,,,,,,,,,,,,,,,,,,,,,,,,,,,,,,,,,,,,,,,,,,,,,,,,,,,,,,,,,,,,,,,,,,,,,,,,"yes",,,,,,,,,,,,,,,,,,,,,,,,"POLYGON ((10.2042646 56.1478187, 10.2042468 56.1478756, 10.2042062 56.1478766, 10.2041981 56.1478865, 10.2041527 56.1478865, 10.204151 56.1479434, 10.2040244 56.1479416, 10.2040261 56.1479019, 10.2039758 56.1478964, 10.2039742 56.1478702, 10.2039223 56.1478684, 10.2039268 56.1478446, 10.203985 56.1478454, 10.2039842 56.147867, 10.2040416 56.1478674, 10.2040455 56.1478121, 10.2041689 56.1478186, 10.2041712 56.1478402, 10.2042054 56.1478415, 10.2042108 56.1478121, 10.2042646 56.1478187))"
"108599976",,,,,,,,,,,,,,,,,,,,,,,,,,,,,,,,,,,,,,,,,,,,,,,,,,,,,,,,,,,,,,,,,,,,,,,,,,,,,,,,,,,,"apartments","4","1","gabled",,,,,,,,,,,,,,,,,,,,,"POLYGON ((10.2038817 56.1482561, 10.2036351 56.1482245, 10.203601 56.1481965, 10.203799 56.1472276, 10.203846 56.1472096, 10.2041007 56.1472258, 10.2040748 56.147309, 10.2039449 56.147299, 10.2039288 56.1474075, 10.2039385 56.147431, 10.2040715 56.14744, 10.2040699 56.1475033, 10.2039335 56.1474943, 10.2039288 56.1475557, 10.2041105 56.1475738, 10.2040991 56.1476235, 10.2039012 56.1476154, 10.2038866 56.1476434, 10.2040423 56.1476533, 10.2040358 56.1477039, 10.2038768 56.1476985, 10.2038622 56.1477853, 10.2039369 56.1477916, 10.2039268 56.1478446, 10.2039223 56.1478684, 10.2038525 56.1478639, 10.2038168 56.1480022, 10.2040244 56.1480085, 10.2040164 56.148051, 10.2039612 56.1480465, 10.2039515 56.1480935, 10.2038201 56.1480898, 10.2038022 56.1481414, 10.2037827 56.1481441, 10.2037827 56.1481676, 10.2038866 56.1481829, 10.2038817 56.1481974, 10.2039077 56.1481992, 10.2038817 56.1482561))"
"108599980",,,,,,,,,,,,,,,,,,,,,,,,,,,,,,,,,,,,,,,,,,,,,,,,,,,,,,,,,,,,,,,,,,,,,,,,,,,,,,,,,,,,"yes",,,,,,,,,,,,,,,,,,,,,,,,"POLYGON ((10.2047242 56.1473571, 10.2046489 56.1473567, 10.2046496 56.1473498, 10.2042159 56.1473277, 10.20424 56.1472339, 10.204725 56.1472573, 10.204749 56.1472711, 10.2047242 56.1473571))"
"108599981",,,,,,,,,,,,,,,,,,,,,,,,,,,,,,,,,,,,,,,,,,,,,,,,,,,,,,,,,,,,,,,,,,,,,,,,,,,,,,,,,,,,"yes",,,,,,,,,,,,,,,,,,,,,,,,"POLYGON ((10.2044279 56.148148, 10.2044417 56.1480933, 10.2045314 56.1481038, 10.2045141 56.1481624, 10.2044279 56.148148))"
"108599984",,,,,,,,,,,,,,,,,,,,,,,,,,,,,,,,,,,,,,,,,,,,,,,,,,,,,,,,,,,,,,,,,,,,,,,,,,,,,,,,,,,,"yes",,,,,,,,,,,,,,,,,,,,,,,,"POLYGON ((10.2043634 56.1480569, 10.2043695 56.1480299, 10.2043956 56.1480317, 10.2044039 56.1479954, 10.2043814 56.1479938, 10.2043854 56.1479762, 10.2044104 56.1479779, 10.2044253 56.147912, 10.2043298 56.1479053, 10.2043416 56.1478528, 10.2044404 56.1478597, 10.2044537 56.1478011, 10.2043697 56.1477952, 10.2043768 56.1477637, 10.2044707 56.1477703, 10.204524 56.1475346, 10.2044685 56.1475307, 10.2044732 56.1475101, 10.2045359 56.1475145, 10.2045437 56.1474798, 10.2045863 56.1474828, 10.204596 56.1474399, 10.2046811 56.1474459, 10.20454 56.1480693, 10.2043634 56.1480569))"
"108599986",,,,,,,,,,,,,,,,,,,,,,,,,,,,,,,,,,,,,,,,,,,,,,,,,,,,,,,,,,,,,,,,,,,,,,,,,,,,,,,,,,,,"yes",,,,,,,,,,,,,,,,,,,,,,,,"POLYGON ((10.2041851 56.1474382, 10.2041867 56.147375, 10.2043278 56.1473777, 10.2043149 56.14744, 10.2041851 56.1474382))"
"108599987",,,,,,,,,,,,,,,,,,,,,,,,,,,,,,,,,,,,,,,,,,,,,,,,,,,,,,,,,,,,,,,,,,,,,,,,,,,,,,,,,,,,"yes",,,,,,,,,,,,,,,,,,,,,,,,"POLYGON ((10.2041267 56.147713, 10.204151 56.1476217, 10.2042646 56.147628, 10.2042451 56.1477211, 10.2041267 56.147713))"
"108600740",,,,,,,,,,,,,,,,,,,,,,,,,,,,,,,,,,,,,,,,,,,,,,,,,,,,,,,,,,,,,,,,,,,,,,,,,,,,,,,,,,,,"apartments",,,,,,,,,,,,,,,,,,,,,,,,"POLYGON ((10.2022511 56.1479871, 10.2022349 56.147181, 10.2022722 56.1471647, 10.2024718 56.1471728, 10.2024701 56.1472361, 10.2024004 56.1472361, 10.2024036 56.1474675, 10.202488 56.1474711, 10.2024864 56.1475127, 10.2024069 56.1475009, 10.2024101 56.1475877, 10.2025334 56.1475931, 10.2025334 56.1476365, 10.2024004 56.1476329, 10.2024004 56.1476546, 10.202449 56.1476609, 10.202449 56.1476943, 10.2023906 56.1476916, 10.202402 56.1477901, 10.2024554 56.1477974, 10.2024554 56.1478326, 10.2024263 56.147829, 10.2024263 56.1478588, 10.2024085 56.147857, 10.2023987 56.1479573, 10.2023663 56.1479573, 10.2023613 56.1479917, 10.2022511 56.1479871))"
"108600741",,,,,,,,,,,,,,,,,,,,,,,,,,,,,,,,,,,,,,,,,,,,,,,,,,,,,,,,,,,,,,,,,,,,,,,,,,,,,,,,,,,,"yes",,,,,,,,,,,,,,,,,,,,,,,,"POLYGON ((10.2030169 56.1477169, 10.2028855 56.1477025, 10.202767 56.1476871, 10.2027654 56.1476121, 10.2028985 56.1476184, 10.2029049 56.1475244, 10.2030575 56.147528, 10.2030169 56.1477169))"
"108600742",,,,,,,,,,,,,,,,,,,,,,,,,,,,,,,,,,,,,,,,,,,,,,,,,,,,,,,,,,,,,,,,,,,,,,,,,,,,,,,,,,,,"yes",,,,,,,,,,,,,,,,,,,,,,,,"POLYGON ((10.2027378 56.1473473, 10.2027346 56.1473193, 10.2027151 56.1473138, 10.2027167 56.1472831, 10.2027768 56.1472813, 10.2027768 56.1473174, 10.2027588 56.1473183, 10.2027687 56.1473446, 10.2027378 56.1473473))"
"108600745",,,,,,,,,,,,,,,,,,,,,,,,,,,,,,,,,,,,,,,,,,,,,,,,,,,,,,,,,,,,,,,,,,,,,,,,,,,,,,,,,,,,"apartments","2","1","many",,,,,,,,,,,,,,,,,,,,,"POLYGON ((10.2029082 56.1479808, 10.2029358 56.147819, 10.2030753 56.1478236, 10.2030526 56.1478986, 10.2030867 56.1478977, 10.2030704 56.1479899, 10.2029082 56.1479808))"
"108600746",,,,,,,,,,,,,,,,,,,,,,,,,,,,,,,,,,,,,,,,,,,,,,,,,,,,,,,,,,,,,,,,,,,,,,,,,,,,,,,,,,,,"yes",,,,,,,,,,,,,,,,,,,,,,,,"POLYGON ((10.2027115 56.1474528, 10.2027067 56.1473905, 10.2027553 56.1473905, 10.2027564 56.1474615, 10.2027115 56.1474528))"
"108600747",,,,,,,,,,,,,,,,,,,,,,,,,,,,,,,,,,,,,,,,,,,,,,,,,,,,,,,,,,,,,,,,,,,,,,,,,,,,,,,,,,,,"yes",,,,,,,,,,,,,,,,,,,,,,,,"POLYGON ((10.2025302 56.1474033, 10.2025415 56.1473382, 10.2026762 56.1473437, 10.2026535 56.1474051, 10.2025302 56.1474033))"
"108600748",,,,,,,,,,,,,,,,,,,,,,,,,,,,,,,,,,,,,,,,,,,,,,,,,,,,,,,,,,,,,,,,,,,,,,,,,,,,,,,,,,,,"apartments","4","1","gabled",,,,,,,,,,,,,,,,,,,,,"POLYGON ((10.2026389 56.1472614, 10.2026437 56.1471792, 10.2035392 56.1471936, 10.2035685 56.1472153, 10.2034841 56.1476762, 10.2033625 56.1481851, 10.2033267 56.148195, 10.2027865 56.1481552, 10.2022625 56.1481372, 10.2022527 56.1481218, 10.2022511 56.1480531, 10.2022608 56.1480242, 10.2022884 56.1480305, 10.20229 56.1480441, 10.2023128 56.1480423, 10.2023078 56.1480604, 10.2024133 56.1480585, 10.2024117 56.1480088, 10.2025139 56.1480088, 10.2025156 56.1480495, 10.2025383 56.1480495, 10.2025399 56.148035, 10.2025951 56.1480341, 10.2025918 56.1480622, 10.2026275 56.1480585, 10.2026243 56.1480115, 10.2025529 56.1480143, 10.202548 56.1479429, 10.2027281 56.147942, 10.2027249 56.148064, 10.2027898 56.1480685, 10.202793 56.1480423, 10.2030493 56.1480613, 10.2030461 56.1480839, 10.2030899 56.1480875, 10.2030899 56.1480766, 10.2031467 56.1480802, 10.2031467 56.1480622, 10.2030768 56.1480594, 10.2030753 56.1480396, 10.2030153 56.1480369, 10.2030136 56.147998, 10.20321 56.1480052, 10.2032212 56.1479546, 10.2031305 56.147942, 10.2030867 56.1478977, 10.2030915 56.1478552, 10.2032554 56.1478606, 10.203283 56.1476772, 10.203184 56.1476817, 10.2031824 56.1476482, 10.203111 56.1476455, 10.2031142 56.1475786, 10.203283 56.1475877, 10.203283 56.1475967, 10.2033138 56.1475949, 10.2033576 56.1473635, 10.2033284 56.1473572, 10.2033316 56.1473165, 10.2033657 56.1473147, 10.2033625 56.1472641, 10.2032651 56.1472627, 10.2032586 56.1472967, 10.2031094 56.147293, 10.2031077 56.1473464, 10.203038 56.1473382, 10.203038 56.1473138, 10.202999 56.1473084, 10.2029958 56.1472849, 10.2027768 56.1472813, 10.2026389 56.1472614))"
"108600749",,,,,,,,,,,,,,,,,,,,,,,,,,,,,,,,,,,,,,,,,,,,,,,,,,,,,,,,,,,,,,,,,,,,,,,,,,,,,,,,,,,,"yes",,,,,,,,,,,,,,,,,,,,,,,,"POLYGON ((10.2027702 56.1475181, 10.2027736 56.1474653, 10.2027751 56.1474322, 10.2028806 56.1474358, 10.202879 56.1473907, 10.2030785 56.1473916, 10.2030688 56.1474413, 10.2030282 56.1474404, 10.2030234 56.1474548, 10.2029098 56.1474485, 10.2029049 56.1475244, 10.2027702 56.1475181))"
"108600750",,,,,,,,,,,,,,,,,,,,,,,,,,,,,,,,,,,,,,,,,,,,,,,,,,,,,,,,,,,,,,,,,,,,,,,,,,,,,,,,,,,,"yes",,,,,,,,,,,,,,,,,,,,,,,,"POLYGON ((10.2025237 56.1475588, 10.2025317 56.147472, 10.2026973 56.1474756, 10.2026746 56.1475678, 10.2025237 56.1475588))"
"108604655",,,,,,,,,,,,,,,,,,,,,,,,,,,,,,,,,,,,,,,,,,,,,,,,,,,,,,,,,,,,,,,,,,,,,,,,,,,,,,,,,,,,"yes",,,,,,,,,,,,,,,,,,,,,,,,"POLYGON ((10.2016426 56.1475395, 10.2016452 56.1474448, 10.2017684 56.1474459, 10.2017657 56.1475406, 10.2016426 56.1475395))"
"108604660",,,,,,,,,,,,,,,,,,,,,,,,,,,,,,,,,,,,,,,,,,,,,,,,,,,,,,,,,,,,,,,,,,,,,,,,,,,,,,,,,,,,"yes",,,,,,,,,,,,,,,,,,,,,,,,"POLYGON ((10.2004281 56.1472251, 10.2004331 56.1471163, 10.2002995 56.147108, 10.2003144 56.1472031, 10.2003465 56.1472086, 10.2003589 56.1472237, 10.2004281 56.1472251))"
"108604662",,,,,,,,,,,,,,,,,,,,,,,,,,,,,,,,,,,,,,,,,,,,,,,,,,,,,,,,,,,,,,,,,,,,,,,,,,,,,,,,,,,,"yes",,,,,,,,,,,,,,,,,,,,,,,,"POLYGON ((10.2025139 56.1478588, 10.2025156 56.1477928, 10.2025677 56.1477922, 10.2025716 56.1477688, 10.2027826 56.1477744, 10.2027819 56.1477904, 10.2028711 56.1477965, 10.2028548 56.1478938, 10.2027857 56.1478877, 10.2027803 56.147927, 10.2026337 56.1479197, 10.2026321 56.1478579, 10.2025139 56.1478588))"
"108604663",,,,,,,,,,,,,,,,,,,,,,,,,,,,,,,,,,,,,,,,,,,,,,,,,,,,,,,,,,,,,,,,,,,,,,,,,,,,,,,,,,,,"yes",,,,,,,,,,,,,,,,,,,,,,,,"POLYGON ((10.2002532 56.1476779, 10.2002621 56.1476116, 10.2003595 56.1476166, 10.2003559 56.1476839, 10.2002532 56.1476779))"
"108604665",,,,,,,,,,,,,,,,,,,,,,,,,,,,,,,,,,,,,,,,,,,,,,,,,,,,,,,,,,,,,,,,,,,,,,,,,,,,,,,,,,,,"yes",,,,,,,,,,,,,,,,,,,,,,,,"POLYGON ((10.2025253 56.1477359, 10.2025368 56.1476451, 10.2026664 56.1476464, 10.2026583 56.147744, 10.2025253 56.1477359))"
"108604667",,,,,,,,,,,,,,,,,,,,,,,,,,,,,,,,,,,,,,,,,,,,,,,,,,,,,,,,,,,,,,,,,,,,,,,,,,,,,,,,,,,,"yes",,,,,,,,,,,,,,,,,,,,,,,,"POLYGON ((10.2017627 56.1475589, 10.2016352 56.1475578, 10.2016321 56.1476783, 10.2017596 56.1476793, 10.2017627 56.1475589))"
"108604678",,,,,,,,,,,,,,,,,,,,,,,,,,,,,,,,,,,,,,,,,,,,,,,,,,,,,,,,,,,,,,,,,,,,,,,,,,,,,,,,,,,,"yes",,,,,,,,,,,,,,,,,,,,,,,,"POLYGON ((10.200194 56.1474761, 10.2001948 56.1474251, 10.20026 56.1474264, 10.2002585 56.1474787, 10.200194 56.1474761))"
"108604685",,,,,,,,,,,,,,,,,,,,,,,,,,,,,,,,,,,,,,,,,,,,,,,,,,,,,,,,,,,,,,,,,,,,,,,,,,,,,,,,,,,,"yes",,,,,,,,,,,,,,,,,,,,,,,,"POLYGON ((10.2016401 56.1474298, 10.2016421 56.1473727, 10.2017618 56.147374, 10.2017598 56.1474311, 10.2016401 56.1474298))"
"108604687",,,,,,,,,,,,,,,,,,,,,,,,,,,,,,,,,,,,,,,,,,,,,,,,,,,,,,,,,,,,,,,,,,,,,,,,,,,,,,,,,,,,"yes",,,,,,,,,,,,,,,,,,,,,,,,"POLYGON ((10.2002918 56.1474718, 10.2002856 56.1473023, 10.2004206 56.1473032, 10.2004252 56.1472336, 10.200537 56.1472371, 10.2005386 56.1472146, 10.2004688 56.1472094, 10.2004717 56.1471363, 10.2020308 56.1471807, 10.2020536 56.1471953, 10.2020495 56.1473611, 10.2018865 56.1473564, 10.2018888 56.147317, 10.201968 56.1473179, 10.2019632 56.1472466, 10.2017352 56.1472427, 10.2017391 56.1473313, 10.2017608 56.1473317, 10.2017593 56.1473603, 10.2016459 56.1473605, 10.2016411 56.1472392, 10.2014209 56.1472366, 10.201424 56.1472933, 10.2013883 56.147292, 10.2013874 56.1473119, 10.2013262 56.1473067, 10.2013231 56.1472496, 10.2013339 56.14725, 10.2013356 56.1472301, 10.2012517 56.1472301, 10.2012502 56.1473071, 10.2011942 56.1473058, 10.2011881 56.1473144, 10.2011416 56.1473149, 10.2011346 56.147228, 10.2010446 56.1472284, 10.2010414 56.147266, 10.2010089 56.1472859, 10.2009949 56.1472976, 10.200991 56.1473335, 10.2009421 56.1473356, 10.2009288 56.1472276, 10.2005929 56.1472219, 10.2005751 56.1473261, 10.2004509 56.1473283, 10.2004494 56.1473732, 10.2004812 56.1473741, 10.200475 56.1474152, 10.2004532 56.147416, 10.2004486 56.147474, 10.2002918 56.1474718))"
"108604695",,,,,,,,,,,,,,,,,,,,,,,,,,,,,,,,,,,,,,,,,,,,,,,,,,,,,,,,,,,,,,,,,,,,,,,,,,,,,,,,,,,,"yes",,,,,,,,,,,,,,,,,,,,,,,,"POLYGON ((10.2020635 56.1473792, 10.2020572 56.1479633, 10.2019152 56.1479572, 10.2019152 56.1478937, 10.2018974 56.1478946, 10.2018974 56.1479118, 10.2018353 56.1479101, 10.2018392 56.1480346, 10.2018982 56.1480316, 10.2019013 56.1480216, 10.2019494 56.1480221, 10.2019486 56.1480316, 10.2019874 56.148032, 10.2019905 56.1479849, 10.2020579 56.1479866, 10.2020642 56.148115, 10.202034 56.1481314, 10.2015606 56.1481178, 10.2015086 56.1481163, 10.2015078 56.1480951, 10.2014047 56.1480929, 10.2008218 56.1480804, 10.2008048 56.1480886, 10.1999762 56.148069, 10.1999704 56.147781, 10.2000909 56.1477833, 10.2000955 56.1480003, 10.2002189 56.1480014, 10.2002228 56.1479412, 10.2001149 56.1479356, 10.2001172 56.1478673, 10.2003167 56.1478712, 10.2003142 56.147995, 10.2004214 56.1479992, 10.2004252 56.147959, 10.2004649 56.1479577, 10.2004579 56.1479408, 10.2003725 56.1479387, 10.2003772 56.1478557, 10.2005347 56.1478587, 10.200537 56.1479088, 10.2005456 56.1479093, 10.2005487 56.1479408, 10.2005347 56.1479412, 10.200537 56.1479927, 10.2006364 56.1479862, 10.200634 56.1478656, 10.2006899 56.1478682, 10.2006969 56.1478946, 10.2007458 56.1478963, 10.2007504 56.1479192, 10.200766 56.1479227, 10.200773 56.147968, 10.2007761 56.1479931, 10.2007993 56.1479892, 10.2007998 56.1478678, 10.2008009 56.1475699, 10.200894 56.1475695, 10.2008991 56.1474951, 10.2007442 56.1474938, 10.2007404 56.1473144, 10.2007706 56.1473153, 10.2007736 56.1472838, 10.2008428 56.1472859, 10.2009045 56.1472893, 10.200908 56.1473209, 10.2009095 56.1474696, 10.2013487 56.1474705, 10.2013493 56.1475455, 10.2013494 56.1475634, 10.201283 56.1475641, 10.2012836 56.1475855, 10.2010554 56.1475838, 10.201057 56.1476551, 10.2010857 56.1476564, 10.2010857 56.147675, 10.2011485 56.147675, 10.2014188 56.1477279, 10.2014209 56.1478557, 10.2011299 56.1478989, 10.2009988 56.1479028, 10.2009984 56.1479725, 10.2014098 56.1479824, 10.2015371 56.1479855, 10.2015406 56.1479537, 10.201574 56.147953, 10.2016508 56.1479513, 10.2016497 56.1480142, 10.2017287 56.1480141, 10.2017282 56.1479032, 10.2017523 56.1479028, 10.2017585 56.1478401, 10.2017267 56.1478405, 10.2017285 56.1478067, 10.201838 56.1478051, 10.2018391 56.1478604, 10.2019357 56.1478616, 10.2019392 56.1477909, 10.201771 56.1477867, 10.201776 56.1477273, 10.201902 56.1477295, 10.2019059 56.1477571, 10.2019346 56.1477558, 10.2019315 56.1477183, 10.2018671 56.1476927, 10.2018718 56.147668, 10.2018958 56.1476555, 10.2019013 56.1475263, 10.2018609 56.1475271, 10.2018663 56.1474917, 10.2019053 56.1474926, 10.2019137 56.1473784, 10.2020635 56.1473792))"
"108606354",,,,,,,,,,,,,,,,,,,,,,,,,,,,,,,,,,,,,,,,,,,,,,,,,,,,,,,,,,,,,,,,,,,,,,,,,,,,,,,,,,,,"yes",,,,,,,,,,,,,,,,,,,,,,,,"POLYGON ((10.2022445 56.1487053, 10.2023746 56.1482698, 10.2024065 56.1482513, 10.2028429 56.1482744, 10.202837 56.1483093, 10.202714 56.1483008, 10.2026644 56.1483192, 10.2025295 56.1483106, 10.202513 56.1483548, 10.2026111 56.1483627, 10.2026005 56.1484042, 10.2025094 56.1483976, 10.2024869 56.1484622, 10.2025403 56.1484682, 10.202548 56.1484347, 10.2026898 56.1484515, 10.2026744 56.1484853, 10.2025792 56.148476, 10.2025717 56.1485108, 10.2024597 56.148501, 10.2023927 56.1487234, 10.2022445 56.1487053))"
"108606356",,,,,,,,,,,,,,,,,,,,,,,,,,,,,,,,,,,,,,,,,,,,,,,,,,,,,,,,,,,,,,,,,,,,,,,,,,,,,,,,,,,,"yes",,,,,,,,,,,,,,,,,,,,,,,,"POLYGON ((10.2032001 56.1489425, 10.2022293 56.148833, 10.2022044 56.1488306, 10.2022464 56.1487244, 10.2022937 56.148733, 10.2022783 56.1487804, 10.202561 56.1488153, 10.2025669 56.1487863, 10.2026698 56.1487962, 10.2026722 56.1487705, 10.2030695 56.1488067, 10.2030791 56.1487791, 10.2030046 56.1487698, 10.203014 56.1487257, 10.2030874 56.1487283, 10.2030944 56.1486822, 10.2029289 56.1486717, 10.2029431 56.1486381, 10.2029005 56.1486374, 10.202904 56.148561, 10.2030046 56.1485636, 10.2030198 56.1485564, 10.2031205 56.1485656, 10.2031252 56.148451, 10.2030258 56.1484404, 10.2030353 56.1483989, 10.2031227 56.1484029, 10.2031441 56.14836, 10.2031134 56.1483627, 10.203111 56.1483739, 10.2029963 56.1483614, 10.2029845 56.1483488, 10.2028591 56.1483423, 10.2028721 56.1482652, 10.2032994 56.1483005, 10.2033215 56.1483206, 10.2032001 56.1489425))"
"108606357",,,,,,,,,,,,,,,,,,,,,,,,,,,,,,,,,,,,,,,,,,,,,,,,,,,,,,,,,,,,,,,,,,,,,,,,,,,,,,,,,,,,"yes",,,,,,,,,,,,,,,,,,,,,,,,"POLYGON ((10.2028686 56.1484304, 10.2027519 56.1484184, 10.2027687 56.1483663, 10.2028763 56.1483775, 10.2028686 56.1484304))"
"108607043",,,,,,,,,,,,,,,,,,,,,,,,,,,,,,,,,,,,,,,,,,,,,,,,,,,,,,,,,,,,,,,,,,,,,,,,,,,,,,,,,,,,"yes",,,,,,,,,,,,,,,,,,,,,,,,"POLYGON ((10.2026192 56.1483733, 10.2026283 56.1483433, 10.2027093 56.148348, 10.2026996 56.1483814, 10.2026192 56.1483733))"
"108608778",,,,,,,,,,,,,,,,,,,,,,,,,,,,,,,,,,,,,,,,,,,,,,,,,,,,,,,,,,,,,,,,,,,,,,,,,,,,,,,,,,,,"yes",,,,,,,,,,,,,,,,,,,,,,,,"POLYGON ((10.2011856 56.1487174, 10.2013209 56.1482291, 10.2013511 56.1482115, 10.2015417 56.1482159, 10.2015404 56.1482254, 10.2016876 56.1482298, 10.2016784 56.1482891, 10.2014615 56.1482781, 10.2014497 56.1483243, 10.2015299 56.1483338, 10.2015087 56.1483916, 10.2014405 56.1483792, 10.201426 56.1484224, 10.2014983 56.1484282, 10.2014826 56.1484707, 10.2014168 56.1484634, 10.2013962 56.1485474, 10.2014751 56.1485497, 10.2014756 56.1485616, 10.2015535 56.1485712, 10.2015387 56.1486109, 10.2013845 56.1485939, 10.2013656 56.1486521, 10.2014894 56.1486643, 10.2015209 56.1486685, 10.2015031 56.1487215, 10.2013575 56.1487077, 10.2013397 56.1487391, 10.2011844 56.1487232, 10.2011856 56.1487174))"
"108608779",,,,,,,,,,,,,,,,,,,,,,,,,,,,,,,,,,,,,,,,,,,,,,,,,,,,,,,,,,,,,,,,,,,,,,,,,,,,,,,,,,,,"yes",,,,,,,,,,,,,,,,,,,,,,,,"POLYGON ((10.2020358 56.1484565, 10.2020454 56.1484285, 10.202063 56.1484304, 10.2020658 56.1484067, 10.2021467 56.1484159, 10.2021229 56.1484717, 10.2020358 56.1484565))"
"108608780",,,,,,,,,,,,,,,,,,,,,,,,,,,,,,,,,,,,,,,,,,,,,,,,,,,,,,,,,,,,,,,,,,,,,,,,,,,,,,,,,,,,"yes",,,,,,,,,,,,,,,,,,,,,,,,"POLYGON ((10.201704 56.1483098, 10.2017221 56.1482275, 10.2021582 56.1482427, 10.2021961 56.1482631, 10.2021543 56.1483955, 10.202062 56.1483892, 10.2020693 56.1483246, 10.2019998 56.1483265, 10.2019931 56.1484043, 10.2019822 56.1484122, 10.2019631 56.1484125, 10.2019556 56.148416, 10.2018714 56.1484157, 10.2018697 56.1484425, 10.2017368 56.1484273, 10.2017294 56.1484658, 10.2016785 56.1484604, 10.2016955 56.1483533, 10.2017532 56.1483574, 10.2017566 56.1483873, 10.201786 56.1483857, 10.201786 56.1483161, 10.201704 56.1483098))"
"108610284",,,,,,,,,,,,,,,,,,,,,,,,,,,,,,,,,,,,,,,,,,,,,,,,,,,,,,,,,,,,,,,,,,,,,,,,,,,,,,,,,,,,"yes",,,,,,,,,,,,,,,,,,,,,,,,"POLYGON ((10.2011089 56.1483255, 10.2011374 56.1482265, 10.2011098 56.1482107, 10.2002621 56.1481848, 10.2002346 56.1481958, 10.2002226 56.1482779, 10.2002838 56.1482803, 10.2002776 56.1483303, 10.2003398 56.1483341, 10.2003498 56.1483346, 10.2003498 56.1483674, 10.2004137 56.1483709, 10.200417 56.1482773, 10.2006444 56.1482864, 10.20064 56.148323, 10.2007429 56.1483271, 10.2007458 56.1482867, 10.2008335 56.1482905, 10.2008312 56.1483283, 10.2008527 56.148329, 10.2008527 56.1483397, 10.2008816 56.14834, 10.2008838 56.1483542, 10.2009449 56.148351, 10.20095 56.1482965, 10.2010258 56.1482974, 10.2010196 56.1483305, 10.2011067 56.1483302, 10.2011089 56.1483255))"
"108724970",,,,,,,,,,,,,,,,,,,,,,,,,,,,,,,,,,,,,,,,,,,,,,,,,,,,,,,,,,,,,,,,,,,,,,,,,,,,,,,,,,,,"yes",,,,,,,,,,,,,,,,,,,,,,,,"POLYGON ((10.2004377 56.1484481, 10.2003696 56.1484405, 10.2003817 56.1484107, 10.2004369 56.1484169, 10.2004472 56.1483569, 10.2005886 56.1483665, 10.2005791 56.1484232, 10.2006222 56.148426, 10.2006154 56.1484813, 10.2006818 56.1484909, 10.2006688 56.1485125, 10.2006154 56.1485067, 10.2006067 56.1485288, 10.2005757 56.1485274, 10.2005842 56.1484894, 10.2005421 56.1484856, 10.2005438 56.1484587, 10.2004377 56.1484539, 10.2004377 56.1484481))"
"108724979",,,,,,,,,,,,,,,,,,,,,,,,,,,,,,,,,,,,,,,,,,,,,,,,,,,,,,,,,,,,,,,,,,,,,,,,,,,,,,,,,,,,"yes",,,,,,,,,,,,,,,,,,,,,,,,"POLYGON ((10.2001506 56.1486105, 10.200198 56.1483987, 10.2002041 56.1483545, 10.2003498 56.1483674, 10.2003343 56.1484914, 10.2004412 56.1484966, 10.2004352 56.1485332, 10.200417 56.1485303, 10.200411 56.1485394, 10.2003662 56.1485365, 10.2003679 56.1485639, 10.2004533 56.1485697, 10.2004455 56.1486023, 10.2003498 56.1485927, 10.2003463 56.1486196, 10.2003179 56.1486191, 10.2003058 56.1486225, 10.2001506 56.1486105))"
"108724982",,,,,,,,,,,,,,,,,,,,,,,,,,,,,,,,,,,,,,,,,,,,,,,,,,,,,,,,,,,,,,,,,,,,,,,,,,,,,,,,,,,,"yes",,,,,,,,,,,,,,,,,,,,,,,,"POLYGON ((10.2010894 56.1483947, 10.2010231 56.1486392, 10.2010149 56.1486457, 10.2009888 56.1487176, 10.2009664 56.1487314, 10.2008647 56.1487209, 10.2005713 56.1487129, 10.2005583 56.148705, 10.2005974 56.1485337, 10.2006529 56.148537, 10.2006326 56.1486508, 10.2008542 56.1486657, 10.2008654 56.1486249, 10.2007085 56.1486119, 10.2007171 56.1485711, 10.2007913 56.1485773, 10.2007895 56.1485884, 10.2008628 56.1485946, 10.2008835 56.1485298, 10.2008714 56.1485178, 10.2008732 56.1485063, 10.200861 56.1485063, 10.2008507 56.1485399, 10.2007239 56.1485303, 10.2007335 56.1484933, 10.2007499 56.1484942, 10.2007559 56.1484645, 10.2008818 56.1484774, 10.2008852 56.1484534, 10.2009136 56.1484577, 10.2009352 56.1484544, 10.2008654 56.1484395, 10.2008766 56.1483977, 10.2009516 56.1484016, 10.2009568 56.1483809, 10.2010894 56.1483947))"
"108868233",,,,,,,,,,,,,,,,,,,,,,,,,,,,,,,,,,,,,,,,,,,,,,,,,,,,,,,,,,,,,,,,,,,,,,,,,,,,,,,,,,,,"yes",,,,,,,,,,,,,,,,,,,,,,,,"POLYGON ((10.2027194 56.1465383, 10.2033477 56.1465801, 10.203508 56.1466959, 10.2035 56.1467584, 10.2034637 56.1467565, 10.2034551 56.1467992, 10.2034974 56.1468016, 10.2034793 56.1468929, 10.2034551 56.1468905, 10.2034586 56.1468727, 10.2033827 56.1468569, 10.2033085 56.1468305, 10.2032999 56.1468348, 10.2032904 56.1468305, 10.2032732 56.1468425, 10.2033162 56.1468655, 10.2033784 56.1468939, 10.2034404 56.1469015, 10.2034396 56.1469323, 10.2034749 56.1469337, 10.2034718 56.1470325, 10.2034128 56.1470407, 10.2033933 56.1470246, 10.20298 56.1470173, 10.2029903 56.1468862, 10.2032103 56.1468982, 10.2032223 56.1467699, 10.2031732 56.1467656, 10.2031766 56.1467325, 10.2031387 56.1467315, 10.2031318 56.1467642, 10.2030085 56.1467536, 10.2029964 56.1467531, 10.2029999 56.1467281, 10.2028628 56.1467214, 10.2028585 56.1467517, 10.2027438 56.1467493, 10.2027421 56.1468257, 10.2027471 56.1468876, 10.2027929 56.1468895, 10.20278 56.1470231, 10.2027084 56.1470192, 10.2027067 56.147001, 10.2026558 56.1469976, 10.2026507 56.1470231, 10.2024041 56.1470154, 10.2024075 56.1469966, 10.2024299 56.1469933, 10.2024291 56.1469649, 10.2024015 56.1469654, 10.2024006 56.1469491, 10.2024308 56.1469486, 10.2024325 56.146926, 10.2024023 56.1469208, 10.2024031 56.1468991, 10.2025869 56.1469025, 10.2025919 56.1468305, 10.2024799 56.1468329, 10.2024782 56.1468156, 10.2024058 56.1468165, 10.2024041 56.1467752, 10.2024049 56.1467445, 10.2024222 56.1467459, 10.2024239 56.1467574, 10.2024774 56.1467546, 10.202473 56.1467411, 10.2026084 56.146745, 10.2026067 56.1467113, 10.2024687 56.1467113, 10.2024627 56.1466926, 10.2023929 56.1466945, 10.2023972 56.1466657, 10.2024265 56.1466638, 10.2024325 56.146659, 10.2024963 56.1466614, 10.2024981 56.1466412, 10.2024367 56.1466407, 10.2023954 56.1466407, 10.2023954 56.1465086, 10.2024679 56.1465086, 10.2024756 56.1464673, 10.2024291 56.1464664, 10.2023911 56.1464457, 10.2023946 56.1464376, 10.2024592 56.1464404, 10.2024627 56.1464347, 10.2025162 56.1464371, 10.2025232 56.1463848, 10.202297 56.1463642, 10.2022574 56.1463829, 10.2022594 56.1470534, 10.2023002 56.1470754, 10.2035549 56.1471113, 10.2036273 56.147084, 10.2037078 56.146703, 10.2036622 56.1466231, 10.2034731 56.1465058, 10.2027469 56.1464483, 10.2027194 56.1465383))"
"108868263",,,,,,,,,,,,,,,,,,,,,,,,,,,,,,,,,,,,,,,,,,,,,,,,,,,,,,,,,,,,,,,,,,,,,,,,,,,,,,,,,,,,"yes",,,,,,,,,,,,,,,,,,,,,,,,"POLYGON ((10.2019035 56.1470715, 10.2019108 56.1467584, 10.2018538 56.1467551, 10.2018567 56.1467201, 10.2019122 56.1467161, 10.2019078 56.1463549, 10.2020451 56.1463606, 10.2020652 56.1463724, 10.2020714 56.1466616, 10.2020597 56.1470658, 10.2020348 56.1470854, 10.2019078 56.1470829, 10.2019035 56.1470715))"
"109249904",,,,,,,,,,,,,,,,,,,,,,,,,,,,,,,,,,,,,,,,,,,,,,,,,,,,,,,,,,,,,,,,,,,,,,,,,,,,,,,,,,,,"yes",,,,,,,,,,,,,,,,,,,,,,,,"POLYGON ((10.1999649 56.1470061, 10.1999964 56.1470178, 10.2017232 56.147072, 10.2017258 56.1469783, 10.2010622 56.1469607, 10.2010635 56.1469432, 10.2011147 56.1469402, 10.2011174 56.1468963, 10.2011397 56.1468956, 10.2011397 56.1468795, 10.2011502 56.1468729, 10.2011476 56.1467653, 10.2012922 56.1467645, 10.2012987 56.1467118, 10.2011543 56.1466918, 10.2011331 56.1464461, 10.2010504 56.1464461, 10.2010398 56.1464951, 10.2008637 56.1464922, 10.2008624 56.1465178, 10.2007074 56.1465156, 10.200706 56.1465881, 10.2007757 56.1465896, 10.2007783 56.1467331, 10.2006758 56.1467316, 10.2006745 56.1468107, 10.2008821 56.1468187, 10.2008953 56.1468407, 10.2010384 56.1468399, 10.2010359 56.1468736, 10.2009741 56.1468722, 10.2009833 56.1469607, 10.2008873 56.1469563, 10.2008794 56.1469483, 10.2008138 56.1469483, 10.2008125 56.1469219, 10.2007494 56.1469241, 10.2007442 56.1469461, 10.2006811 56.1469476, 10.2006862 56.1468883, 10.200869 56.1468926, 10.200869 56.1468773, 10.2006745 56.1468729, 10.2006745 56.1468809, 10.2006482 56.1468809, 10.2006443 56.1469505, 10.2006101 56.1469512, 10.2006049 56.146878, 10.2005272 56.1468765, 10.2005221 56.1468846, 10.2004682 56.1468846, 10.2004642 56.1469183, 10.2004826 56.1469212, 10.2004787 56.1469505, 10.2004419 56.1469461, 10.200409 56.1469461, 10.2004064 56.1468948, 10.200334 56.1468919, 10.2003289 56.1469468, 10.2000923 56.1469358, 10.2000897 56.1469519, 10.1999649 56.1469432, 10.1999649 56.1470061))"
"147077532","residential",,,,,,,,,,,,,"Brammersgade",,,,,,,,,,,,,,,,"yes",,,,,,,,,,,,,,,,,,,,,,,,,,,,,,,,,,,,,,,,,,,,"asphalt",,,,,"both",,"yes",,,,,,,,,,,,,,,,,,,,,,,,,,,"LINESTRING (10.2036935 56.1471781, 10.2021546 56.1471297)"
"147077534","tertiary",,,,,,,,,,,,,"M.P. Bruuns Gade",,,,,,,,,,,,,,,,"yes",,,,,,,,,,,,,,,,,,,,,,,,,,,,,,,,,,,,,,,,,,,,"asphalt",,,,"50","both","DK:urban",,,"no",,,,,"2",,,,,,,,,,,,,,,,,,,,"LINESTRING (10.2038128 56.1465815, 10.2037985 56.1466531, 10.2036935 56.1471781, 10.2035289 56.1479758, 10.2034898 56.1481647, 10.2034708 56.1482566, 10.2034499 56.1483592, 10.2033433 56.1488428, 10.2033362 56.1488749)"
"161196881",,,,,,,,,,,,,,"Frederiksbjerg",,,,,,,,,,,,,,,,,,,,,,,,,,,,,,,,,,,,,,,,,,,,,,,,,,,,,,,,,,,,,,,,,,,,,,,,,,,"residential","urban",,,,,,,,,,,,,,,,,,"POLYGON ((10.197608 56.1488061, 10.19888 56.1487516, 10.1993694 56.1487298, 10.2001606 56.148713, 10.2011768 56.1487386, 10.2020015 56.1488188, 10.2032034 56.1489455, 10.2033554 56.1481891, 10.2046736 56.1483792, 10.2050233 56.148435, 10.2051785 56.1484468, 10.2053546 56.1484468, 10.2063658 56.1484116, 10.2072947 56.1483828, 10.2077236 56.148355, 10.208145 56.1483241, 10.2086754 56.1482697, 10.2091925 56.1482035, 10.2089474 56.1475475, 10.2088631 56.1472744, 10.2088056 56.1470098, 10.2087137 56.1465414, 10.208664 56.1461371, 10.2086103 56.1457445, 10.208494 56.1450283, 10.2084622 56.1448304, 10.2083682 56.1444847, 10.2082314 56.1440824, 10.2080319 56.1437271, 10.2077365 56.1434782, 10.2074446 56.1432688, 10.2071283 56.1430616, 10.2067729 56.1428581, 10.2061029 56.1425286, 10.2057316 56.1423379, 10.2049949 56.1420889, 10.2045643 56.1419622, 10.2034475 56.1417207, 10.2032371 56.1417024, 10.2029367 56.1416524, 10.2027998 56.1415936, 10.1998711 56.1410002, 10.1980862 56.1407825, 10.1965385 56.1406347, 10.1959804 56.1406183, 10.1950182 56.1405283, 10.194924 56.1409291, 10.1948252 56.1413947, 10.193959 56.1413309, 10.1922224 56.1423286, 10.1903036 56.1434988, 10.1903333 56.1436143, 10.1898327 56.1439499, 10.1892965 56.1441263, 10.1885107 56.1446172, 10.1873744 56.1454972, 10.1872396 56.1455889, 10.1881589 56.1459474, 10.1891242 56.1463592, 10.1900281 56.1467582, 10.1907558 56.1471422, 10.1911311 56.1473748, 10.1917249 56.1478015, 10.1922917 56.1481685, 10.1925867 56.1483435, 10.192962 56.1485355, 10.1933508 56.1486966, 10.1936515 56.1487751, 10.1940306 56.1488037, 10.1944814 56.1488603, 10.1955945 56.1488965, 10.1962825 56.1488995, 10.197608 56.1488061))"
"231434903",,,,,,,,,,,,,,"Bruuns Galleri",,,,,,"mall","yes",,,,,"http://www.bruunsgalleri.dk/",,,,,,,,,,,,,,"yes",,,,,,,,,,,,,"Q10436548",,,,,,,,,,,,,,,,,,,,,,,,,,,,,,,"yes","3",,,,,,"22","da:Bruuns Galleri",,,,,,,,,,,,,,,,"POLYGON ((10.2063243 56.1495681, 10.2063893 56.1494396, 10.205907 56.1493638, 10.2058804 56.1492858, 10.2057279 56.1488376, 10.2050912 56.1487389, 10.2051059 56.1487098, 10.2051671 56.1485891, 10.2039186 56.148394, 10.2038732 56.1483869, 10.203766 56.1489111, 10.2037146 56.1491622, 10.2034718 56.1491241, 10.2034346 56.1491182, 10.2034144 56.1492168, 10.2033859 56.1493559, 10.2035391 56.14938, 10.2045416 56.1495375, 10.2048823 56.1495911, 10.20506 56.149619, 10.2055832 56.1497034, 10.2061812 56.149797, 10.2063309 56.1498208, 10.2062435 56.1495554, 10.2063243 56.1495681))"
"231435374",,,,,,,,,,,,,,,,,,,,,,,,,,,,,,,,,,,,,,,,,,,,,,,,,,,,,,,,,,,,,,,,,,,,,,,,,,,,,,,,,,,,"commercial","6",,,,,,,,,,,,,,,,,,,,,,,"POLYGON ((10.2034807 56.1488929, 10.2034895 56.1488501, 10.203588 56.1483688, 10.2038732 56.1483869, 10.203766 56.1489111, 10.2034807 56.1488929))"
"429793777","residential",,,,,,,,,,,,,"Jægergårdsgade",,,,,,,,,,,,,,,,"yes",,,,,,,,,,,,,,,,,,,,,,,,,,,,,,,,,,,,,,,,,,,,"asphalt",,,,"50","both","DK:urban",,,"no",,,,,,,,,,,,,,,,,,,,,,,,,"LINESTRING (10.2032796 56.1482452, 10.2034708 56.1482566, 10.2036588 56.1482849, 10.2039477 56.1483285, 10.2040443 56.1483431, 10.2046058 56.1484278, 10.2050192 56.1484855, 10.2051468 56.1484872, 10.2052793 56.1484889, 10.20549 56.1484821, 10.2062589 56.1484573, 10.2065138 56.1484561, 10.2071939 56.1484436, 10.2072173 56.1484422, 10.207784 56.1484078, 10.2080538 56.1483866, 10.2083086 56.1483601, 10.2089626 56.1482921, 10.209142 56.1482734, 10.2093001 56.148257, 10.209398 56.1482432, 10.2095809 56.1482135, 10.2099543 56.1481528, 10.2106936 56.148056, 10.2110081 56.1480285, 10.2112103 56.1479875, 10.2116211 56.1478551, 10.2116948 56.1478313)"
"439592538","residential",,,,,,,,,,,,,"Ole Rømers Gade",,,,,,,,,,,,,,,,"yes",,,,,,,,,,,,,,,,,,,,,,,,,,,,,,,,,,,,,,,,,,,,"asphalt",,,,"50","both","DK:urban","yes","no","no",,,,,,,,,,,,,,,,,,,,,,,,,"LINESTRING (10.1999339 56.1470652, 10.2021546 56.1471297)"
"475935499","service",,,,,,,,,,,,,,,,,,,,,,,,,,,,,,,,,,,,,,,,,,,,,,,,,,,,,,,,,,,,,,,,,,,,,,,,,,,,,,,,,,,,,,,,,,,,"building_passage",,,,,,,,,,,,,,,"LINESTRING (10.2015606 56.1481178, 10.201574 56.147953)"
"475935500","service",,,,,,,,,,,,,,,,,,,,,,,,,,,,,,,,,,,,,,,,,,,,,,,,,,,,,,,,,,,,,,,,,,,,,,,,,,,,,,,,,,,,,,,,,,,,,,,,,,,,,,,,,,,"LINESTRING (10.2015526 56.1481869, 10.2015606 56.1481178)"
"475935501","service",,,,,,,,,,,,,,,,,,,,,,,,,,,,,,,,,,,,,,,,,,,,,,,,,,,,,,,,,,,,,,,,,,,,,,,,,,,,,,,,,,,,,,,,,,,,,,,,,,,,,,,,,,,"LINESTRING (10.201574 56.147953, 10.2015768 56.1478718, 10.2016962 56.1478733)"
"475935502",,,,,,,,,,,,,,,,,,,,,,,,,,,,,,,,,,,,,,,,,,,,,,,,,,,,,,,,,,,,,,,,,,,,,,,,,,,,,,,,,,,,,,,,,,,,,,"wall",,,,,,,,,,,,,,"LINESTRING (10.2015406 56.1479537, 10.2015393 56.1478053, 10.2015372 56.1475453, 10.2014891 56.1475454, 10.2014889 56.147522, 10.2014648 56.1475221, 10.2014506 56.1475221, 10.2014508 56.1475452, 10.2013493 56.1475455)"
"475935503",,,,,,,,,,,,,,,,,,,,,,,,,,,,,,,,,,,,,,,,,,,,,,,,,,,,,,,,,,,,,,,,,,,,,,,,,,,,,,,,,,,,,,,,,,,,,,"wall",,,,,,,,,,,,,,"LINESTRING (10.2017285 56.1478067, 10.2015393 56.1478053)"
"475935504","steps",,,,,,,,,,,,,,,,,,,,,,,,,,,,,,,,,,,,,,,,,,,,,,,,,,,,,,,,,,,,,,,,,,,,,,,,,,,,,,,,,,,,,,,,,,,,,,,,,,,,,,,,,,,"LINESTRING (10.2014648 56.1475221, 10.2014648 56.1475569)"
"475935506","service",,,,,,,,,,,,,,,,,,,,,,,,,,,,,,,,,,,,,,,,,,,,,,,,,,,,,,,,,,,,,,,,,,,,,,,,,,,,,,,,,,,,,,,,,,,,"building_passage",,,,,,,,,,,,,,,"LINESTRING (10.2014047 56.1480929, 10.2014098 56.1479824)"
"475935507","service",,,,,,,,,,,,,,,,,,,,,,,,,,,,,,,,,,,,,,,,,,,,,,,,,,,,,,,,,,,,,,,,,,,,,,,,,,,,,,,,,,,,,,,,,,,,,,,,,,,,,,,,,,,"LINESTRING (10.2013988 56.1481828, 10.2014047 56.1480929)"
"475935508","service",,,,,,,,,,,,,,,,,,,,,,,,,,,,,,,,,,,,,,,,,,,,,,,,,,,,,,,,,,,,,,,,,,,,,,,,,,,,,,,,,,,,,,,,,,,,,,,,,,,,,,,,,,,"LINESTRING (10.2014125 56.1479447, 10.2010772 56.1479372)"
"475935509","service",,,,,,,,,,,,,,,,,,,,,,,,,,,,,,,,,,,,,,,,,,,,,,,,,,,,,,,,,,,,,,,,,,,,,,,,,,,,,,,,,,,,,,,,,,,,,,,,,,,,,,,,,,,"LINESTRING (10.2014098 56.1479824, 10.2014125 56.1479447, 10.2014634 56.1478916, 10.2014648 56.1475569)"
"476165244","residential",,,,,,,,,,,,,"Bülowsgade",,,,,,,,,,,,,,,,"yes",,,,,,,,,,,,,,,,,,,,,,,,,,,,,,,,,,,,,,,,,,,,"asphalt",,,,"50","both","DK:urban","yes","no","no",,,,,,,,,,,,,,,,,,,,,,,,,"LINESTRING (10.2021546 56.1471297, 10.2021632 56.148203)"
"490703901",,,,,,,,,,,,,,,,,,,,,,,,,,,,,,,,,,,,,,,,,,,,,,,,,,,,,,,,,,,,,,,,,,,,,,,,,,,,,,,,,,,,,,,,,,,,,,,"garden",,,,,,,,,,,,,"POLYGON ((10.2001172 56.1478673, 10.2001182 56.1477829, 10.2003764 56.1477852, 10.2003764 56.147544, 10.2004882 56.1475519, 10.2005044 56.1474319, 10.2005613 56.1474285, 10.2008009 56.1475699, 10.2007998 56.1478678, 10.2001172 56.1478673))"
"515225116","footway",,,,,,,,,,,,,,,,,,,,,,,,,,,,,,,,,,,,,,,,,,,,,,,,,,,,,,,,,,,,,,,,,,,,,,,,,"paving_stones",,,,,,,,,,,,,,,,,,,,,,,,,,,,,,,,,,"LINESTRING (10.2039186 56.148394, 10.2039477 56.1483285)"
"515225122","pedestrian",,,,,,,,,,,,,,,,,,,,,,,,,,,,,,,,,,,,,,,,,,,,,,,,,,,,,,,,,,,,,,,,,,,,,,,,,,,,,,,,,,,,,,,,,,,,,,,"yes",,,,,,,,,,,,"LINESTRING (10.2039186 56.148394, 10.2039866 56.1484478, 10.2045227 56.1485316)"
"1182344",,,,,,,,,,,,,,"Bus 13",,,,,,,,,,,,,,,,,"Midttrafik","Q12327094",,,,,,,,,,,,,,,,,,,,,,,,,,,,,,,,,,,,,,,,,,,,,,,,,,,,,,,,,,,,,,,,,"13","bus","route",,,,,,,,,"GEOMETRYCOLLECTION (LINESTRING (10.2038128 56.1465815, 10.2037985 56.1466531, 10.2036935 56.1471781, 10.2035289 56.1479758, 10.2034898 56.1481647, 10.2034708 56.1482566, 10.2034499 56.1483592, 10.2033433 56.1488428, 10.2033362 56.1488749))"
"6704038",,,,,,,,,,,,,,"Bus 100: Odder => Aarhus => Hornslet",,,,,,,,,,,,,,,,,"Midttrafik","Q12327094",,,,,,,,,,"Arriva",,,,,,,,,,,,,,,,,,,,,,,,,,,,,,,,,,,,,,,,,,,,,,,,,,,,,,,"100","bus","route","Odder","Hornslet","Aarhus",,,,,,"GEOMETRYCOLLECTION (POINT (10.2035703 56.1479687), LINESTRING (10.2038128 56.1465815, 10.2037985 56.1466531, 10.2036935 56.1471781, 10.2035289 56.1479758, 10.2034898 56.1481647, 10.2034708 56.1482566, 10.2034499 56.1483592, 10.2033433 56.1488428, 10.2033362 56.1488749))"
"6736091",,,,,,,,,,,,,,"Jægergårdsgade/M. P. Bruuns Gade",,,,,,,,,,,,,,,,,"Midttrafik","Q12327094","stop_area",,,,,,,,,,,,,,,,,,,,,,,,,,,,,,,,,,,,,,,,,,,,,,,,,,,,,,,,,,,,,,,,,,"public_transport",,,,,,,,,"GEOMETRYCOLLECTION (POINT (10.2035703 56.1479687), POINT (10.2034702 56.1479863), POINT (10.2035289 56.1479758))"
"10668226",,,,,,,,,,,,,,"Bus 100: Hornslet => Aarhus => Odder",,,,,,,,,,,,,,,,,"Midttrafik","Q12327094",,,,,,,,,,"Arriva",,,,,,,,,,,,,,,,,,,,,,,,,,,,,,,,,,,,,,,,,,,,,,,,,,,,,,,"100","bus","route","Hornslet","Odder","Aarhus",,,,,,"GEOMETRYCOLLECTION (POINT (10.2034702 56.1479863), LINESTRING (10.2038128 56.1465815, 10.2037985 56.1466531, 10.2036935 56.1471781, 10.2035289 56.1479758, 10.2034898 56.1481647, 10.2034708 56.1482566, 10.2034499 56.1483592, 10.2033433 56.1488428, 10.2033362 56.1488749))"
"10668227",,,,,,,,,,,,,,"Bus 100: Odder <=> Aarhus <=> Hornslet",,,,,,,,,,,,,,,,,"Midttrafik",,,,,,,,,,,"Arriva",,,,,,,,,,,,,,,,,,,,,,,,,,,,,,,,,,,,,,,,,,,,,,,,,,,,,,,"100",,"route_master",,,,"bus",,,,,"GEOMETRYCOLLECTION EMPTY"
"10688547",,,,,,,,,,,,,,"Bus 17",,,,,,,,,,,,,,,,,"Midttrafik","Q12327094",,,,,,,,,,,,,,,,,,,,,,,,,,,,,,,,,,,,,,,,,,,,,,,,,,,,,,,,,,,,,,,,,"17","bus","route",,,,,,,,,"MULTILINESTRING ((10.2038128 56.1465815, 10.2037985 56.1466531, 10.2036935 56.1471781, 10.2035289 56.1479758, 10.2034898 56.1481647, 10.2034708 56.1482566, 10.2034499 56.1483592, 10.2033433 56.1488428, 10.2033362 56.1488749))"
"10688548",,,,,,,,,,,,,,"Bus 16",,,,,,,,,,,,,,,,,"Midttrafik","Q12327094",,,,,,,,,,,,,,,,,,,,,,,,,,,,,,,,,,,,,,,,,,,,,,,,,,,,,,,,,,,,,,,,,"16","bus","route",,,,,,,,,"MULTILINESTRING ((10.2038128 56.1465815, 10.2037985 56.1466531, 10.2036935 56.1471781, 10.2035289 56.1479758, 10.2034898 56.1481647, 10.2034708 56.1482566, 10.2034499 56.1483592, 10.2033433 56.1488428, 10.2033362 56.1488749))"
"10688549",,,,,,,,,,,,,,"Bus 18: Moesgaard Museum -> Lystrup/Majsmarken","Mo-Fr 05:25-24:00; Dec 24-31 off; Mar 29-31 off; May 14 off; Sa 6:02-24:00; Dec 28-31 6:02-24:00; Mar 29-31 6:02-24:00; May 14 6:02-24:00; Su 6:02-24:00; PH 6:02-24:00; Dec 24 6:02-24:00;",,,,,,,,,,,,,,,,"Midttrafik","Q12327094",,,,,,,,,,,,,,,,,,,,,,,,,,,,,,,,,,,,,,,,,,,,,,,,,,,,,,,,,,,,,,,,,"18","bus","route","Moesgaard Museum","Lystrup/Majsmarken",,,"00:58:00","00:20","00:20 @ (Mo-Fr 05:25-24:00); 01:00 @ (Sa 6:02-24:00); 01:00 @ (Dec 28-31 6:02-24:00); 01:00 @ (Mar 29-31 6:02-24:00); 01:00 @ (May 14 6:02-24:00); 01:00 @ (Su 6:02-24:00); 01:00 @ (PH 6:02-24:00); 01:00 @ (Dec 24 6:02-24:00)","2","GEOMETRYCOLLECTION (POINT (10.2035289 56.1479758), POINT (10.2035703 56.1479687), LINESTRING (10.2038128 56.1465815, 10.2037985 56.1466531, 10.2036935 56.1471781, 10.2035289 56.1479758, 10.2034898 56.1481647, 10.2034708 56.1482566, 10.2034499 56.1483592, 10.2033433 56.1488428, 10.2033362 56.1488749))"
"12227984",,,,,,,,,,,,,,"Bus 18: Lystrup/Majsmarken -> Moesgaard Museum","Mo-Fr 04:57-00:31; Dec 24-31 off; Mar 29-31 off; May 14 off; Sa 06:34-00:31; Dec 28-31 06:34-00:31; Mar 29-31 06:34-00:31; May 14 06:34-00:31; Su 06:34-00:31; PH 06:34-00:31; Dec 24 06:34-00:31",,,,,,,,,,,,,,,,"Midttrafik","Q12327094",,,,,,,,,,,,,,,,,,,,,,,,,,,,,,,,,,,,,,,,,,,,,,,,,,,,,,,,,,,,,,,,,"18","bus","route","Lystrup/Majsmarken","Moesgaard Museum",,,"00:58:00","00:20","00:20 @ (Mo-Fr 04:57-00:31); 01:00 @ (Sa 06:34-00:31); 01:00 @ (Dec 28-31 06:34-00:31); 01:00 @ (Mar 29-31 06:34-00:31); 01:00 @ (May 14 06:34-00:31); 01:00 @ (Su 06:34-00:31); 01:00 @ (PH 06:34-00:31); 01:00 @ (Dec 24 06:34-00:31)","2","GEOMETRYCOLLECTION (POINT (10.2035289 56.1479758), POINT (10.2034702 56.1479863), LINESTRING (10.2038128 56.1465815, 10.2037985 56.1466531, 10.2036935 56.1471781, 10.2035289 56.1479758, 10.2034898 56.1481647, 10.2034708 56.1482566, 10.2034499 56.1483592, 10.2033433 56.1488428, 10.2033362 56.1488749))"
"12229156",,,,,,,,,,,,,,"Bus 18: Lystrup <=> Moesgaard Museum",,,,,,,,,,,,,,,,,"Midttrafik",,,,,,,,,,,,,,,,,,,,,,,,,,,,,,,,,,,,,,,,,,,,,,,,,,,,,,,,,,,,,,,,,,"18",,"route_master",,,,"bus",,,,"2","GEOMETRYCOLLECTION EMPTY"
